2026-10-07T14:20:10.6532762Z Current runner version: '2.337.0'
2026-10-07T14:20:10.6552291Z ##[group]Runner Image Provisioner
2026-10-07T14:20:10.6552851Z Hosted Compute Agent
2026-10-07T14:20:10.6553322Z Version: 20260901.588
2026-10-07T14:20:10.6553705Z Commit: f88ec8081b781fac6c440065ac7ff9e710ce3d0b
2026-10-07T14:20:10.6554186Z Build Date: 2026-09-01T19:56:44Z
2026-10-07T14:20:10.6554615Z Worker ID: {fd6705bc-3c31-4c7e-a3bf-82a5c72438b0}
2026-10-07T14:20:10.6555052Z Azure Region: centralus
2026-10-07T14:20:10.6555508Z ##[endgroup]
2026-10-07T14:20:10.6556382Z ##[group]Operating System
2026-10-07T14:20:10.6556782Z Ubuntu
2026-10-07T14:20:10.6557118Z 24.04.5
2026-10-07T14:20:10.6557440Z LTS
2026-10-07T14:20:10.6557825Z ##[endgroup]
2026-10-07T14:20:10.6558164Z ##[group]Runner Image
2026-10-07T14:20:10.6558528Z Image: ubuntu-24.04
2026-10-07T14:20:10.6558925Z Version: 20260927.320.1
2026-10-07T14:20:10.6559720Z Included Software: https://github.com/actions/runner-images/blob/ubuntu24/20260927.320/images/ubuntu/Ubuntu2404-Readme.md
2026-10-07T14:20:10.6560755Z Image Release: https://github.com/actions/runner-images/releases/tag/ubuntu24%2F20260927.320
2026-10-07T14:20:10.6561342Z ##[endgroup]
2026-10-07T14:20:10.6562269Z ##[group]GITHUB_TOKEN Permissions
2026-10-07T14:20:10.6563525Z Contents: read
2026-10-07T14:20:10.6564017Z Metadata: read
2026-10-07T14:20:10.6564368Z ##[endgroup]
2026-10-07T14:20:10.6565853Z Secret source: Actions
2026-10-07T14:20:10.6566411Z Cache mode: write
2026-10-07T14:20:10.6566922Z Prepare workflow directory
2026-10-07T14:20:10.6797119Z Prepare all required actions
2026-10-07T14:20:10.6831130Z Getting action download info
2026-10-07T14:20:10.9695731Z Download action repository 'actions/checkout@v7' (SHA:3d3c42e5aac5ba805825da76410c181273ba90b1)
2026-10-07T14:20:11.0527187Z Download action repository 'actions/setup-node@v7' (SHA:820762786026740c76f36085b0efc47a31fe5020)
2026-10-07T14:20:11.1487191Z Download action repository 'actions/upload-artifact@v6' (SHA:b7c566a772e6b6bfb58ed0dc250532a479d7789f)
2026-10-07T14:20:11.3372404Z Complete job name: Chart E2E (webkit)
2026-10-07T14:20:11.3879009Z ##[group]Run actions/checkout@v7
2026-10-07T14:20:11.3879432Z with:
2026-10-07T14:20:11.3879679Z   persist-credentials: false
2026-10-07T14:20:11.3879970Z   repository: tetsujisugimori-coder/memo
2026-10-07T14:20:11.3882438Z   token: ***
2026-10-07T14:20:11.3882672Z   ssh-strict: true
2026-10-07T14:20:11.3882909Z   ssh-user: git
2026-10-07T14:20:11.3883137Z   clean: true
2026-10-07T14:20:11.3883380Z   sparse-checkout-cone-mode: true
2026-10-07T14:20:11.3883667Z   fetch-depth: 1
2026-10-07T14:20:11.3883901Z   fetch-tags: false
2026-10-07T14:20:11.3884141Z   show-progress: true
2026-10-07T14:20:11.3884383Z   lfs: false
2026-10-07T14:20:11.3884603Z   submodules: false
2026-10-07T14:20:11.3884845Z   set-safe-directory: true
2026-10-07T14:20:11.3885120Z   allow-unsafe-pr-checkout: false
2026-10-07T14:20:11.3885479Z ##[endgroup]
2026-10-07T14:20:11.4725513Z Syncing repository: tetsujisugimori-coder/memo
2026-10-07T14:20:11.4727212Z ##[group]Getting Git version info
2026-10-07T14:20:11.4727899Z Working directory is '/home/runner/work/memo/memo'
2026-10-07T14:20:11.4728742Z [command]/usr/bin/git version
2026-10-07T14:20:11.4919420Z git version 2.55.0
2026-10-07T14:20:11.4941317Z ##[endgroup]
2026-10-07T14:20:11.4951058Z Temporarily overriding HOME='/home/runner/work/_temp/e4d08057-dcd3-43be-8343-f214e2c54eba' before making global git config changes
2026-10-07T14:20:11.4952565Z Adding repository directory to the temporary git global config as a safe directory
2026-10-07T14:20:11.4956176Z [command]/usr/bin/git config --global --add safe.directory /home/runner/work/memo/memo
2026-10-07T14:20:11.5006471Z Deleting the contents of '/home/runner/work/memo/memo'
2026-10-07T14:20:11.5009565Z ##[group]Determining repository object format
2026-10-07T14:20:11.5010840Z ##[endgroup]
2026-10-07T14:20:11.5011451Z ##[group]Initializing the repository
2026-10-07T14:20:11.5016041Z [command]/usr/bin/git init /home/runner/work/memo/memo
2026-10-07T14:20:11.5134225Z hint: Using 'master' as the name for the initial branch. This default branch name
2026-10-07T14:20:11.5143105Z hint: will change to "main" in Git 3.0. To configure the initial branch name
2026-10-07T14:20:11.5144247Z hint: to use in all of your new repositories, which will suppress this warning,
2026-10-07T14:20:11.5144939Z hint: call:
2026-10-07T14:20:11.5145290Z hint:
2026-10-07T14:20:11.5145761Z hint: 	git config --global init.defaultBranch <name>
2026-10-07T14:20:11.5146307Z hint:
2026-10-07T14:20:11.5146846Z hint: Names commonly chosen instead of 'master' are 'main', 'trunk' and
2026-10-07T14:20:11.5147689Z hint: 'development'. The just-created branch can be renamed via this command:
2026-10-07T14:20:11.5148344Z hint:
2026-10-07T14:20:11.5148703Z hint: 	git branch -m <name>
2026-10-07T14:20:11.5149111Z hint:
2026-10-07T14:20:11.5149660Z hint: Disable this message with "git config set advice.defaultBranchName false"
2026-10-07T14:20:11.5150507Z Initialized empty Git repository in /home/runner/work/memo/memo/.git/
2026-10-07T14:20:11.5153810Z [command]/usr/bin/git remote add origin https://github.com/tetsujisugimori-coder/memo
2026-10-07T14:20:11.5208999Z ##[endgroup]
2026-10-07T14:20:11.5209683Z ##[group]Disabling automatic garbage collection
2026-10-07T14:20:11.5212625Z [command]/usr/bin/git config --local gc.auto 0
2026-10-07T14:20:11.5244648Z ##[endgroup]
2026-10-07T14:20:11.5245734Z ##[group]Setting up auth
2026-10-07T14:20:11.5246196Z Removing SSH command configuration
2026-10-07T14:20:11.5250014Z [command]/usr/bin/git config --local --name-only --get-regexp core\.sshCommand
2026-10-07T14:20:11.5280033Z [command]/usr/bin/git submodule foreach --recursive sh -c "git config --local --name-only --get-regexp 'core\.sshCommand' && git config --local --unset-all 'core.sshCommand' || :"
2026-10-07T14:20:11.5578629Z Removing HTTP extra header
2026-10-07T14:20:11.5583372Z [command]/usr/bin/git config --local --name-only --get-regexp http\.https\:\/\/github\.com\/\.extraheader
2026-10-07T14:20:11.5614849Z [command]/usr/bin/git submodule foreach --recursive sh -c "git config --local --name-only --get-regexp 'http\.https\:\/\/github\.com\/\.extraheader' && git config --local --unset-all 'http.https://github.com/.extraheader' || :"
2026-10-07T14:20:11.5793680Z Removing includeIf entries pointing to credentials config files
2026-10-07T14:20:11.5797897Z [command]/usr/bin/git config --local --name-only --get-regexp ^includeIf\.gitdir:
2026-10-07T14:20:11.5828207Z [command]/usr/bin/git submodule foreach --recursive git config --local --show-origin --name-only --get-regexp remote.origin.url
2026-10-07T14:20:11.6015855Z [command]/usr/bin/git config --file /home/runner/work/_temp/git-credentials-62b48ac5-68bf-48c4-becf-08eb6299854d.config http.https://github.com/.extraheader AUTHORIZATION: basic ***
2026-10-07T14:20:11.6050709Z [command]/usr/bin/git config --local includeIf.gitdir:/home/runner/work/memo/memo/.git.path /home/runner/work/_temp/git-credentials-62b48ac5-68bf-48c4-becf-08eb6299854d.config
2026-10-07T14:20:11.6081078Z [command]/usr/bin/git config --local includeIf.gitdir:/home/runner/work/memo/memo/.git/worktrees/*.path /home/runner/work/_temp/git-credentials-62b48ac5-68bf-48c4-becf-08eb6299854d.config
2026-10-07T14:20:11.6116303Z [command]/usr/bin/git config --local includeIf.gitdir:/github/workspace/.git.path /github/runner_temp/git-credentials-62b48ac5-68bf-48c4-becf-08eb6299854d.config
2026-10-07T14:20:11.6149432Z [command]/usr/bin/git config --local includeIf.gitdir:/github/workspace/.git/worktrees/*.path /github/runner_temp/git-credentials-62b48ac5-68bf-48c4-becf-08eb6299854d.config
2026-10-07T14:20:11.6178590Z ##[endgroup]
2026-10-07T14:20:11.6179269Z ##[group]Fetching the repository
2026-10-07T14:20:11.6185177Z [command]/usr/bin/git -c protocol.version=2 fetch --no-tags --prune --no-recurse-submodules --depth=1 origin +ab8d1c17ac1e47261f54a3fc075217e09ea32a9a:refs/remotes/pull/350/merge
2026-10-07T14:20:13.7134190Z From https://github.com/tetsujisugimori-coder/memo
2026-10-07T14:20:13.7136023Z  * [new ref]         ab8d1c17ac1e47261f54a3fc075217e09ea32a9a -> pull/350/merge
2026-10-07T14:20:13.7139673Z ##[endgroup]
2026-10-07T14:20:13.7143828Z ##[group]Determining the checkout info
2026-10-07T14:20:13.7145265Z ##[endgroup]
2026-10-07T14:20:13.7146041Z [command]/usr/bin/git sparse-checkout disable
2026-10-07T14:20:13.7218307Z [command]/usr/bin/git config --local --unset-all extensions.worktreeConfig
2026-10-07T14:20:13.7252465Z ##[group]Checking out the ref
2026-10-07T14:20:13.7253660Z [command]/usr/bin/git checkout --progress --force refs/remotes/pull/350/merge
2026-10-07T14:20:13.8469861Z Note: switching to 'refs/remotes/pull/350/merge'.
2026-10-07T14:20:13.8470625Z
2026-10-07T14:20:13.8471130Z You are in 'detached HEAD' state. You can look around, make experimental
2026-10-07T14:20:13.8472648Z changes and commit them, and you can discard any commits you make in this
2026-10-07T14:20:13.8473951Z state without impacting any branches by switching back to a branch.
2026-10-07T14:20:13.8474711Z
2026-10-07T14:20:13.8475284Z If you want to create a new branch to retain commits you create, you may
2026-10-07T14:20:13.8476422Z do so (now or later) by using -c with the switch command. Example:
2026-10-07T14:20:13.8477074Z
2026-10-07T14:20:13.8477341Z   git switch -c <new-branch-name>
2026-10-07T14:20:13.8477790Z
2026-10-07T14:20:13.8478077Z Or undo this operation with:
2026-10-07T14:20:13.8478613Z
2026-10-07T14:20:13.8478935Z   git switch -
2026-10-07T14:20:13.8479460Z
2026-10-07T14:20:13.8480084Z Turn off this advice by setting config variable advice.detachedHead to false
2026-10-07T14:20:13.8481031Z
2026-10-07T14:20:13.8482185Z HEAD is now at ab8d1c1 Merge 43b77b06c9b13bef1a044b4c1c0f08e263e43fdf into 2a13b83bf56bcecf5204c75dfb0a9f03ba84b7db
2026-10-07T14:20:13.8485924Z ##[endgroup]
2026-10-07T14:20:13.8529189Z [command]/usr/bin/git log -1 --format=%H
2026-10-07T14:20:13.8556626Z ab8d1c17ac1e47261f54a3fc075217e09ea32a9a
2026-10-07T14:20:13.8568293Z ##[group]Removing auth
2026-10-07T14:20:13.8569247Z Removing SSH command configuration
2026-10-07T14:20:13.8578566Z [command]/usr/bin/git config --local --name-only --get-regexp core\.sshCommand
2026-10-07T14:20:13.8603590Z [command]/usr/bin/git submodule foreach --recursive sh -c "git config --local --name-only --get-regexp 'core\.sshCommand' && git config --local --unset-all 'core.sshCommand' || :"
2026-10-07T14:20:13.8794934Z Removing HTTP extra header
2026-10-07T14:20:13.8796809Z [command]/usr/bin/git config --local --name-only --get-regexp http\.https\:\/\/github\.com\/\.extraheader
2026-10-07T14:20:13.8829329Z [command]/usr/bin/git submodule foreach --recursive sh -c "git config --local --name-only --get-regexp 'http\.https\:\/\/github\.com\/\.extraheader' && git config --local --unset-all 'http.https://github.com/.extraheader' || :"
2026-10-07T14:20:13.9022048Z Removing includeIf entries pointing to credentials config files
2026-10-07T14:20:13.9024018Z [command]/usr/bin/git config --local --name-only --get-regexp ^includeIf\.gitdir:
2026-10-07T14:20:13.9049936Z includeif.gitdir:/home/runner/work/memo/memo/.git.path
2026-10-07T14:20:13.9051627Z includeif.gitdir:/home/runner/work/memo/memo/.git/worktrees/*.path
2026-10-07T14:20:13.9053255Z includeif.gitdir:/github/workspace/.git.path
2026-10-07T14:20:13.9054346Z includeif.gitdir:/github/workspace/.git/worktrees/*.path
2026-10-07T14:20:13.9057480Z [command]/usr/bin/git config --local --get-all includeif.gitdir:/home/runner/work/memo/memo/.git.path
2026-10-07T14:20:13.9081620Z /home/runner/work/_temp/git-credentials-62b48ac5-68bf-48c4-becf-08eb6299854d.config
2026-10-07T14:20:13.9094293Z [command]/usr/bin/git config --local --unset includeif.gitdir:/home/runner/work/memo/memo/.git.path \/home\/runner\/work\/_temp\/git\-credentials\-62b48ac5\-68bf\-48c4\-becf\-08eb6299854d\.config
2026-10-07T14:20:13.9127453Z [command]/usr/bin/git config --local --get-all includeif.gitdir:/home/runner/work/memo/memo/.git/worktrees/*.path
2026-10-07T14:20:13.9150016Z /home/runner/work/_temp/git-credentials-62b48ac5-68bf-48c4-becf-08eb6299854d.config
2026-10-07T14:20:13.9157693Z [command]/usr/bin/git config --local --unset includeif.gitdir:/home/runner/work/memo/memo/.git/worktrees/*.path \/home\/runner\/work\/_temp\/git\-credentials\-62b48ac5\-68bf\-48c4\-becf\-08eb6299854d\.config
2026-10-07T14:20:13.9190482Z [command]/usr/bin/git config --local --get-all includeif.gitdir:/github/workspace/.git.path
2026-10-07T14:20:13.9214281Z /github/runner_temp/git-credentials-62b48ac5-68bf-48c4-becf-08eb6299854d.config
2026-10-07T14:20:13.9223212Z [command]/usr/bin/git config --local --unset includeif.gitdir:/github/workspace/.git.path \/github\/runner_temp\/git\-credentials\-62b48ac5\-68bf\-48c4\-becf\-08eb6299854d\.config
2026-10-07T14:20:13.9277883Z [command]/usr/bin/git config --local --get-all includeif.gitdir:/github/workspace/.git/worktrees/*.path
2026-10-07T14:20:13.9305591Z /github/runner_temp/git-credentials-62b48ac5-68bf-48c4-becf-08eb6299854d.config
2026-10-07T14:20:13.9318253Z [command]/usr/bin/git config --local --unset includeif.gitdir:/github/workspace/.git/worktrees/*.path \/github\/runner_temp\/git\-credentials\-62b48ac5\-68bf\-48c4\-becf\-08eb6299854d\.config
2026-10-07T14:20:13.9404142Z [command]/usr/bin/git submodule foreach --recursive git config --local --show-origin --name-only --get-regexp remote.origin.url
2026-10-07T14:20:13.9622082Z Removing credentials config '/home/runner/work/_temp/git-credentials-62b48ac5-68bf-48c4-becf-08eb6299854d.config'
2026-10-07T14:20:13.9629783Z ##[endgroup]
2026-10-07T14:20:13.9934184Z ##[group]Run actions/setup-node@v7
2026-10-07T14:20:13.9934948Z with:
2026-10-07T14:20:13.9935466Z   node-version: 22
2026-10-07T14:20:13.9936024Z   cache: npm
2026-10-07T14:20:13.9936572Z   check-latest: false
2026-10-07T14:20:13.9942678Z   token: ***
2026-10-07T14:20:13.9943269Z   package-manager-cache: true
2026-10-07T14:20:13.9943938Z ##[endgroup]
2026-10-07T14:20:14.0932889Z Found in cache @ /opt/hostedtoolcache/node/22.23.3/x64
2026-10-07T14:20:14.0935771Z ##[group]Environment details
2026-10-07T14:20:14.4389513Z node: v22.23.3
2026-10-07T14:20:14.4389970Z npm: 10.9.9
2026-10-07T14:20:14.4390118Z yarn: 1.22.22
2026-10-07T14:20:14.4391110Z ##[endgroup]
2026-10-07T14:20:14.4400711Z [command]/opt/hostedtoolcache/node/22.23.3/x64/bin/npm config get cache
2026-10-07T14:20:14.5249583Z /home/runner/.npm
2026-10-07T14:20:14.6855042Z Cache hit for: node-cache-Linux-x64-npm-ffebc3246d8749edaf51beb2167ca789cf686f5de0d3bc7bd3385368bcc72766
2026-10-07T14:20:15.4499048Z Received 3971246 of 3971246 (100.0%), 6.4 MBs/sec
2026-10-07T14:20:15.4500105Z Cache Size: ~4 MB (3971246 B)
2026-10-07T14:20:15.4517810Z [command]/usr/bin/tar -xf /home/runner/work/_temp/55a18bee-8e08-419a-af10-0efa1603eee9/cache.tzst -P -C /home/runner/work/memo/memo --use-compress-program unzstd
2026-10-07T14:20:15.4624244Z Cache restored successfully
2026-10-07T14:20:15.4631941Z Cache restored from key: node-cache-Linux-x64-npm-ffebc3246d8749edaf51beb2167ca789cf686f5de0d3bc7bd3385368bcc72766
2026-10-07T14:20:15.4763534Z ##[group]Run npm ci
2026-10-07T14:20:15.4763801Z [36;1mnpm ci[0m
2026-10-07T14:20:15.5003658Z shell: /usr/bin/bash -e {0}
2026-10-07T14:20:15.5003964Z ##[endgroup]
2026-10-07T14:20:16.1914501Z
2026-10-07T14:20:16.1923540Z added 2 packages, and audited 3 packages in 645ms
2026-10-07T14:20:16.1923946Z
2026-10-07T14:20:16.1924152Z found 0 vulnerabilities
2026-10-07T14:20:16.2307449Z ##[group]Run npx playwright install --with-deps webkit
2026-10-07T14:20:16.2307748Z [36;1mnpx playwright install --with-deps webkit[0m
2026-10-07T14:20:16.2366443Z shell: /usr/bin/bash -e {0}
2026-10-07T14:20:16.2366646Z ##[endgroup]
2026-10-07T14:20:16.8303418Z Installing dependencies...
2026-10-07T14:20:16.8372102Z Switching to root user to install dependencies...
2026-10-07T14:20:16.9405964Z Get:1 file:/etc/apt/apt-mirrors.txt Mirrorlist [144 B]
2026-10-07T14:20:16.9833085Z Hit:2 http://azure.archive.ubuntu.com/ubuntu noble InRelease
2026-10-07T14:20:16.9834597Z Get:3 http://azure.archive.ubuntu.com/ubuntu noble-updates InRelease [126 kB]
2026-10-07T14:20:16.9883713Z Get:4 http://azure.archive.ubuntu.com/ubuntu noble-backports InRelease [126 kB]
2026-10-07T14:20:16.9893023Z Get:5 http://azure.archive.ubuntu.com/ubuntu noble-security InRelease [126 kB]
2026-10-07T14:20:16.9992309Z Get:6 https://packages.microsoft.com/ubuntu/24.04/prod noble InRelease [3600 B]
2026-10-07T14:20:17.0989116Z Get:7 http://azure.archive.ubuntu.com/ubuntu noble-updates/main amd64 Packages [1375 kB]
2026-10-07T14:20:17.1178683Z Get:8 http://azure.archive.ubuntu.com/ubuntu noble-updates/main Translation-en [306 kB]
2026-10-07T14:20:17.1193498Z Get:9 http://azure.archive.ubuntu.com/ubuntu noble-updates/main amd64 Components [181 kB]
2026-10-07T14:20:17.1223503Z Get:10 http://azure.archive.ubuntu.com/ubuntu noble-updates/universe amd64 Packages [1702 kB]
2026-10-07T14:20:17.1315684Z Get:11 http://azure.archive.ubuntu.com/ubuntu noble-updates/universe Translation-en [341 kB]
2026-10-07T14:20:17.1364404Z Get:12 http://azure.archive.ubuntu.com/ubuntu noble-updates/universe amd64 Components [388 kB]
2026-10-07T14:20:17.1424738Z Get:13 http://azure.archive.ubuntu.com/ubuntu noble-updates/restricted amd64 Packages [1730 kB]
2026-10-07T14:20:17.1499263Z Get:14 http://azure.archive.ubuntu.com/ubuntu noble-updates/restricted Translation-en [396 kB]
2026-10-07T14:20:17.1520113Z Get:15 http://azure.archive.ubuntu.com/ubuntu noble-updates/multiverse Translation-en [13.3 kB]
2026-10-07T14:20:17.1524039Z Get:16 http://azure.archive.ubuntu.com/ubuntu noble-updates/multiverse amd64 Components [940 B]
2026-10-07T14:20:17.2129967Z Get:17 http://azure.archive.ubuntu.com/ubuntu noble-backports/main amd64 Components [5752 B]
2026-10-07T14:20:17.2155847Z Get:18 http://azure.archive.ubuntu.com/ubuntu noble-backports/universe amd64 Components [12.6 kB]
2026-10-07T14:20:17.2270269Z Get:19 http://azure.archive.ubuntu.com/ubuntu noble-security/main amd64 Packages [1073 kB]
2026-10-07T14:20:17.2383795Z Get:20 http://azure.archive.ubuntu.com/ubuntu noble-security/main Translation-en [223 kB]
2026-10-07T14:20:17.2405274Z Get:21 http://azure.archive.ubuntu.com/ubuntu noble-security/main amd64 Components [46.4 kB]
2026-10-07T14:20:17.2444261Z Get:22 http://azure.archive.ubuntu.com/ubuntu noble-security/universe amd64 Packages [1218 kB]
2026-10-07T14:20:17.2482753Z Get:23 http://azure.archive.ubuntu.com/ubuntu noble-security/universe Translation-en [245 kB]
2026-10-07T14:20:17.2510064Z Get:24 http://azure.archive.ubuntu.com/ubuntu noble-security/universe amd64 Components [76.3 kB]
2026-10-07T14:20:17.2572921Z Get:25 http://azure.archive.ubuntu.com/ubuntu noble-security/restricted amd64 Packages [1566 kB]
2026-10-07T14:20:17.2625082Z Get:26 http://azure.archive.ubuntu.com/ubuntu noble-security/restricted Translation-en [361 kB]
2026-10-07T14:20:17.2656330Z Get:27 http://azure.archive.ubuntu.com/ubuntu noble-security/multiverse Translation-en [11.6 kB]
2026-10-07T14:20:17.2816497Z Get:28 https://packages.microsoft.com/ubuntu/24.04/prod noble/main armhf Packages [12.6 kB]
2026-10-07T14:20:17.2906818Z Get:29 https://packages.microsoft.com/ubuntu/24.04/prod noble/main amd64 Packages [519 kB]
2026-10-07T14:20:17.3104051Z Get:30 https://packages.microsoft.com/ubuntu/24.04/prod noble/main arm64 Packages [463 kB]
2026-10-07T14:20:24.0194939Z Fetched 12.6 MB in 1s (10.8 MB/s)
2026-10-07T14:20:24.7321963Z Reading package lists...
2026-10-07T14:20:24.7538313Z Reading package lists...
2026-10-07T14:20:24.9849272Z Building dependency tree...
2026-10-07T14:20:24.9856375Z Reading state information...
2026-10-07T14:20:25.2812154Z libicu74 is already the newest version (74.2-1ubuntu3.1).
2026-10-07T14:20:25.2812958Z libatomic1 is already the newest version (14.2.0-4ubuntu2~24.04.1).
2026-10-07T14:20:25.2813524Z libatomic1 set to manually installed.
2026-10-07T14:20:25.2814083Z libatk-bridge2.0-0t64 is already the newest version (2.52.0-1build1).
2026-10-07T14:20:25.2814654Z libatk-bridge2.0-0t64 set to manually installed.
2026-10-07T14:20:25.2815227Z libatk1.0-0t64 is already the newest version (2.52.0-1build1).
2026-10-07T14:20:25.2815744Z libatk1.0-0t64 set to manually installed.
2026-10-07T14:20:25.2846173Z libcairo-gobject2 is already the newest version (1.18.0-3build1).
2026-10-07T14:20:25.2846780Z libcairo-gobject2 set to manually installed.
2026-10-07T14:20:25.2847164Z libcairo2 is already the newest version (1.18.0-3build1).
2026-10-07T14:20:25.2847470Z libcairo2 set to manually installed.
2026-10-07T14:20:25.2847836Z libdbus-1-3 is already the newest version (1.14.10-4ubuntu4.1).
2026-10-07T14:20:25.2848181Z libdbus-1-3 set to manually installed.
2026-10-07T14:20:25.2848552Z libdrm2 is already the newest version (2.4.125-1ubuntu0.1~24.04.2).
2026-10-07T14:20:25.2848899Z libdrm2 set to manually installed.
2026-10-07T14:20:25.2849263Z libenchant-2-2 is already the newest version (2.3.3-2build2).
2026-10-07T14:20:25.2849662Z libenchant-2-2 set to manually installed.
2026-10-07T14:20:25.2850032Z libepoxy0 is already the newest version (1.5.10-1build1).
2026-10-07T14:20:25.2850408Z libepoxy0 set to manually installed.
2026-10-07T14:20:25.2850755Z libfontconfig1 is already the newest version (2.15.0-1.1ubuntu2).
2026-10-07T14:20:25.2851005Z libfontconfig1 set to manually installed.
2026-10-07T14:20:25.2851291Z libgdk-pixbuf-2.0-0 is already the newest version (2.42.10+dfsg-3ubuntu3.3).
2026-10-07T14:20:25.2851640Z libgdk-pixbuf-2.0-0 set to manually installed.
2026-10-07T14:20:25.2852048Z libglib2.0-0t64 is already the newest version (2.80.0-6ubuntu3.9).
2026-10-07T14:20:25.2852299Z libglib2.0-0t64 set to manually installed.
2026-10-07T14:20:25.2852685Z libgstreamer1.0-0 is already the newest version (1.24.2-1ubuntu0.1).
2026-10-07T14:20:25.2853072Z libgstreamer1.0-0 set to manually installed.
2026-10-07T14:20:25.2853452Z libharfbuzz0b is already the newest version (8.3.0-2build2).
2026-10-07T14:20:25.2853821Z libharfbuzz0b set to manually installed.
2026-10-07T14:20:25.2854212Z libjpeg-turbo8 is already the newest version (2.1.5-2ubuntu2).
2026-10-07T14:20:25.2854489Z libjpeg-turbo8 set to manually installed.
2026-10-07T14:20:25.2854728Z liblcms2-2 is already the newest version (2.14-2ubuntu0.1).
2026-10-07T14:20:25.2854965Z liblcms2-2 set to manually installed.
2026-10-07T14:20:25.2855217Z libpango-1.0-0 is already the newest version (1.52.1+ds-1build1).
2026-10-07T14:20:25.2855455Z libpango-1.0-0 set to manually installed.
2026-10-07T14:20:25.2855713Z libpangocairo-1.0-0 is already the newest version (1.52.1+ds-1build1).
2026-10-07T14:20:25.2855974Z libpangocairo-1.0-0 set to manually installed.
2026-10-07T14:20:25.2856237Z libpng16-16t64 is already the newest version (1.6.43-5ubuntu0.6).
2026-10-07T14:20:25.2856472Z libpng16-16t64 set to manually installed.
2026-10-07T14:20:25.2856869Z libwayland-client0 is already the newest version (1.22.0-2.1build1).
2026-10-07T14:20:25.2857292Z libwayland-client0 set to manually installed.
2026-10-07T14:20:25.2857747Z libwayland-egl1 is already the newest version (1.22.0-2.1build1).
2026-10-07T14:20:25.2858180Z libwayland-egl1 set to manually installed.
2026-10-07T14:20:25.2858576Z libwebp7 is already the newest version (1.3.2-0.4build3).
2026-10-07T14:20:25.2858957Z libwebp7 set to manually installed.
2026-10-07T14:20:25.2859350Z libwebpdemux2 is already the newest version (1.3.2-0.4build3).
2026-10-07T14:20:25.2859742Z libwebpdemux2 set to manually installed.
2026-10-07T14:20:25.2860447Z libx11-6 is already the newest version (2:1.8.7-1build1).
2026-10-07T14:20:25.2860786Z libx11-6 set to manually installed.
2026-10-07T14:20:25.2861147Z libxkbcommon0 is already the newest version (1.6.0-1build1).
2026-10-07T14:20:25.2861506Z libxkbcommon0 set to manually installed.
2026-10-07T14:20:25.2862013Z libxml2 is already the newest version (2.9.14+dfsg-1.3ubuntu3.9).
2026-10-07T14:20:25.2862373Z libxml2 set to manually installed.
2026-10-07T14:20:25.2862770Z libxslt1.1 is already the newest version (1.1.39-0exp1ubuntu0.24.04.3).
2026-10-07T14:20:25.2863153Z libxslt1.1 set to manually installed.
2026-10-07T14:20:25.2863514Z xvfb is already the newest version (2:21.1.12-1ubuntu1.8).
2026-10-07T14:20:25.2864008Z fonts-noto-color-emoji is already the newest version (2.047-0ubuntu0.24.04.1).
2026-10-07T14:20:25.2864734Z fonts-liberation is already the newest version (1:2.1.5-3).
2026-10-07T14:20:25.2865107Z fonts-liberation set to manually installed.
2026-10-07T14:20:25.2865479Z The following additional packages will be installed:
2026-10-07T14:20:25.2865906Z   glib-networking glib-networking-common glib-networking-services
2026-10-07T14:20:25.2866382Z   gsettings-desktop-schemas libaa1 libabsl20220623t64 libass9 libasyncns0
2026-10-07T14:20:25.2866877Z   libavc1394-0 libavcodec60 libavfilter9 libavformat60 libavtp0 libavutil58
2026-10-07T14:20:25.2867357Z   libblas3 libbluray2 libbs2b0 libcaca0 libcairo-script-interpreter2
2026-10-07T14:20:25.2867810Z   libcdparanoia0 libchromaprint1 libcjson1 libcodec2-1.2 libdav1d7
2026-10-07T14:20:25.2868322Z   libdc1394-25 libdca0 libde265-0 libdecor-0-0 libdirectfb-1.7-7t64 libdv4t64
2026-10-07T14:20:25.2868869Z   libdvdnav4 libdvdread8t64 libegl-mesa0 libegl1 libevent-core-2.1-7t64
2026-10-07T14:20:25.2869376Z   libevent-pthreads-2.1-7t64 libfaad2 libflac12t64 libfluidsynth3 libfreeaptx0
2026-10-07T14:20:25.2869936Z   libgav1-1 libgl1-mesa-dri libglx-mesa0 libgme0 libgraphene-1.0-0 libgsm1
2026-10-07T14:20:25.2870447Z   libgssdp-1.6-0 libgstreamer-plugins-good1.0-0 libgtk-4-common libgupnp-1.6-0
2026-10-07T14:20:25.2870925Z   libgupnp-igd-1.6-0 libhwy1t64 libiec61883-0 libimath-3-1-29t64
2026-10-07T14:20:25.2871436Z   libinstpatch-1.0-2 libjack-jackd2-0 libjxl0.7 liblapack3 liblc3-1
2026-10-07T14:20:25.2872238Z   libldacbt-enc2 liblilv-0-0 liblrdf0 libltc11 libmbedcrypto7t64 libmfx1
2026-10-07T14:20:25.2872807Z   libmjpegutils-2.1-0t64 libmodplug1 libmp3lame0 libmpcdec6
2026-10-07T14:20:25.2873241Z   libmpeg2encpp-2.1-0t64 libmpg123-0t64 libmplex2-2.1-0t64 libmysofa1
2026-10-07T14:20:25.2873703Z   libneon27t64 libnice10 libopenal-data libopenal1 libopenexr-3-1-30
2026-10-07T14:20:25.2874125Z   libopenh264-7 libopenmpt0t64 libopenni2-0 liborc-0.4-0t64
2026-10-07T14:20:25.2874547Z   libpipewire-0.3-0t64 libplacebo338 libpocketsphinx3 libpostproc57
2026-10-07T14:20:25.2875021Z   libproxy1v5 libpulse0 libqrencode4 libraptor2-0 librav1e0 libraw1394-11
2026-10-07T14:20:25.2875512Z   librist4 librsvg2-2 librubberband2 libsamplerate0 libsbc1 libsdl2-2.0-0
2026-10-07T14:20:25.2876041Z   libsecret-common libserd-0-0 libshine3 libshout3 libsndfile1 libsndio7.0
2026-10-07T14:20:25.2876511Z   libsord-0-0 libsoundtouch1 libsoup-3.0-0 libsoup-3.0-common libsoxr0
2026-10-07T14:20:25.2876992Z   libspa-0.2-modules libspandsp2t64 libspeex1 libsphinxbase3t64 libsratom-0-0
2026-10-07T14:20:25.2877504Z   libsrt1.5-gnutls libsrtp2-1 libssh-gcrypt-4 libsvtav1enc1d1 libswresample4
2026-10-07T14:20:25.2878005Z   libswscale7 libtag1v5 libtag1v5-vanilla libtheora0 libtwolame0 libudfread0
2026-10-07T14:20:25.2878496Z   libunibreak5 libv4l-0t64 libv4lconvert0t64 libva-drm2 libva-x11-2 libva2
2026-10-07T14:20:25.2878971Z   libvdpau1 libvidstab1.1 libvisual-0.4-0 libvo-aacenc0 libvo-amrwbenc0
2026-10-07T14:20:25.2879463Z   libvorbisenc2 libvpl2 libwavpack1 libwebrtc-audio-processing1 libwildmidi2
2026-10-07T14:20:25.2879977Z   libx265-199 libxcb-xkb1 libxkbcommon-x11-0 libxvidcore4 libyuv0 libzbar0t64
2026-10-07T14:20:25.2880453Z   libzimg2 libzix-0-0 libzvbi-common libzvbi0t64 libzxing3 mesa-libgallium
2026-10-07T14:20:25.2881173Z   ocl-icd-libopencl1 session-migration timgm6mb-soundfont xfonts-encodings
2026-10-07T14:20:25.2881520Z   xfonts-utils
2026-10-07T14:20:25.2881714Z Suggested packages:
2026-10-07T14:20:25.2882150Z   frei0r-plugins gvfs libcuda1 libnvcuvid1 libnvidia-encode1 libbluray-bdj
2026-10-07T14:20:25.2882615Z   libdirectfb-extra libdv-bin oss-compat libdvdcss2 libvisual-0.4-plugins
2026-10-07T14:20:25.2883059Z   jackd2 liblrdf0-dev libportaudio2 opus-tools pipewire pulseaudio
2026-10-07T14:20:25.2883480Z   raptor2-utils libraw1394-doc librsvg2-bin serdi sndiod sordi speex
2026-10-07T14:20:25.2883859Z   libwildmidi-config opencl-icd fluid-soundfont-gm
2026-10-07T14:20:25.2884139Z Recommended packages:
2026-10-07T14:20:25.2884435Z   fonts-ipafont-mincho fonts-tlwg-loma gstreamer1.0-x libaacs0
2026-10-07T14:20:25.2884993Z   default-libdecor-0-plugin-1 | libdecor-0-plugin-1 gstreamer1.0-gl
2026-10-07T14:20:25.2885459Z   libgtk-4-bin librsvg2-common libgtk-4-media-gstreamer libpipewire-0.3-common
2026-10-07T14:20:25.2885960Z   pocketsphinx-en-us va-driver-all | va-driver vdpau-driver-all | vdpau-driver
2026-10-07T14:20:25.2886318Z   libmagickcore-6.q16-7-extra
2026-10-07T14:20:25.3437762Z The following NEW packages will be installed:
2026-10-07T14:20:25.3438386Z   fonts-freefont-ttf fonts-ipafont-gothic fonts-tlwg-loma-otf fonts-unifont
2026-10-07T14:20:25.3438978Z   fonts-wqy-zenhei glib-networking glib-networking-common
2026-10-07T14:20:25.3439682Z   glib-networking-services gsettings-desktop-schemas gstreamer1.0-libav
2026-10-07T14:20:25.3440295Z   gstreamer1.0-plugins-bad gstreamer1.0-plugins-base gstreamer1.0-plugins-good
2026-10-07T14:20:25.3440906Z   libaa1 libabsl20220623t64 libass9 libasyncns0 libavc1394-0 libavcodec60
2026-10-07T14:20:25.3441513Z   libavfilter9 libavformat60 libavif16 libavtp0 libavutil58 libblas3
2026-10-07T14:20:25.3442220Z   libbluray2 libbs2b0 libcaca0 libcairo-script-interpreter2 libcdparanoia0
2026-10-07T14:20:25.3442801Z   libchromaprint1 libcjson1 libcodec2-1.2 libdav1d7 libdc1394-25 libdca0
2026-10-07T14:20:25.3443354Z   libde265-0 libdecor-0-0 libdirectfb-1.7-7t64 libdv4t64 libdvdnav4
2026-10-07T14:20:25.3443919Z   libdvdread8t64 libegl-mesa0 libegl1 libevent-2.1-7t64 libfaad2 libflac12t64
2026-10-07T14:20:25.3444485Z   libflite1 libfluidsynth3 libfreeaptx0 libgav1-1 libgles2 libgme0
2026-10-07T14:20:25.3444965Z   libgraphene-1.0-0 libgsm1 libgssdp-1.6-0 libgstreamer-gl1.0-0
2026-10-07T14:20:25.3445488Z   libgstreamer-plugins-bad1.0-0 libgstreamer-plugins-base1.0-0
2026-10-07T14:20:25.3446060Z   libgstreamer-plugins-good1.0-0 libgtk-4-1 libgtk-4-common libgupnp-1.6-0
2026-10-07T14:20:25.3446672Z   libgupnp-igd-1.6-0 libharfbuzz-icu0 libhwy1t64 libhyphen0 libiec61883-0
2026-10-07T14:20:25.3447309Z   libimath-3-1-29t64 libinstpatch-1.0-2 libjack-jackd2-0 libjxl0.7 liblapack3
2026-10-07T14:20:25.3447925Z   liblc3-1 libldacbt-enc2 liblilv-0-0 liblrdf0 libltc11 libmanette-0.2-0
2026-10-07T14:20:25.3448517Z   libmbedcrypto7t64 libmfx1 libmjpegutils-2.1-0t64 libmodplug1 libmp3lame0
2026-10-07T14:20:25.3449125Z   libmpcdec6 libmpeg2encpp-2.1-0t64 libmpg123-0t64 libmplex2-2.1-0t64
2026-10-07T14:20:25.3449662Z   libmysofa1 libneon27t64 libnice10 libopenal-data libopenal1
2026-10-07T14:20:25.3450204Z   libopenexr-3-1-30 libopenh264-7 libopenmpt0t64 libopenni2-0 libopus0
2026-10-07T14:20:25.3450781Z   liborc-0.4-0t64 libpipewire-0.3-0t64 libplacebo338 libpocketsphinx3
2026-10-07T14:20:25.3451312Z   libpostproc57 libproxy1v5 libpulse0 libqrencode4 libraptor2-0 librav1e0
2026-10-07T14:20:25.3452040Z   libraw1394-11 librist4 librsvg2-2 librubberband2 libsamplerate0 libsbc1
2026-10-07T14:20:25.3452665Z   libsdl2-2.0-0 libsecret-1-0 libsecret-common libserd-0-0 libshine3 libshout3
2026-10-07T14:20:25.3453251Z   libsndfile1 libsndio7.0 libsord-0-0 libsoundtouch1 libsoup-3.0-0
2026-10-07T14:20:25.3453825Z   libsoup-3.0-common libsoxr0 libspa-0.2-modules libspandsp2t64 libspeex1
2026-10-07T14:20:25.3454443Z   libsphinxbase3t64 libsratom-0-0 libsrt1.5-gnutls libsrtp2-1 libssh-gcrypt-4
2026-10-07T14:20:25.3455553Z   libsvtav1enc1d1 libswresample4 libswscale7 libtag1v5 libtag1v5-vanilla
2026-10-07T14:20:25.3456122Z   libtheora0 libtwolame0 libudfread0 libunibreak5 libv4l-0t64
2026-10-07T14:20:25.3456692Z   libv4lconvert0t64 libva-drm2 libva-x11-2 libva2 libvdpau1 libvidstab1.1
2026-10-07T14:20:25.3457311Z   libvisual-0.4-0 libvo-aacenc0 libvo-amrwbenc0 libvorbisenc2 libvpl2 libvpx9
2026-10-07T14:20:25.3457945Z   libwavpack1 libwayland-server0 libwebrtc-audio-processing1 libwildmidi2
2026-10-07T14:20:25.3458601Z   libwoff1 libx264-164 libx265-199 libxcb-xkb1 libxkbcommon-x11-0 libxvidcore4
2026-10-07T14:20:25.3459326Z   libyuv0 libzbar0t64 libzimg2 libzix-0-0 libzvbi-common libzvbi0t64 libzxing3
2026-10-07T14:20:25.3460057Z   ocl-icd-libopencl1 session-migration timgm6mb-soundfont xfonts-cyrillic
2026-10-07T14:20:25.3461060Z   xfonts-encodings xfonts-scalable xfonts-utils
2026-10-07T14:20:25.3462417Z The following packages will be upgraded:
2026-10-07T14:20:25.3463145Z   libevent-core-2.1-7t64 libevent-pthreads-2.1-7t64 libfreetype6 libgbm1
2026-10-07T14:20:25.3471468Z   libgl1-mesa-dri libglx-mesa0 mesa-libgallium
2026-10-07T14:20:25.3740060Z 7 upgraded, 181 newly installed, 0 to remove and 23 not upgraded.
2026-10-07T14:20:25.3740510Z Need to get 126 MB of archives.
2026-10-07T14:20:25.3740893Z After this operation, 364 MB of additional disk space will be used.
2026-10-07T14:20:25.3741347Z Get:1 file:/etc/apt/apt-mirrors.txt Mirrorlist [144 B]
2026-10-07T14:20:25.4417086Z Get:2 http://azure.archive.ubuntu.com/ubuntu noble/universe amd64 fonts-ipafont-gothic all 00303-21ubuntu1 [3513 kB]
2026-10-07T14:20:25.5087072Z Get:3 http://azure.archive.ubuntu.com/ubuntu noble/main amd64 fonts-freefont-ttf all 20211204+svn4273-2 [5641 kB]
2026-10-07T14:20:25.6038873Z Get:4 http://azure.archive.ubuntu.com/ubuntu noble/universe amd64 fonts-tlwg-loma-otf all 1:0.7.3-1 [107 kB]
2026-10-07T14:20:25.6359524Z Get:5 http://azure.archive.ubuntu.com/ubuntu noble/universe amd64 fonts-unifont all 1:15.1.01-1build1 [2993 kB]
2026-10-07T14:20:25.7004107Z Get:6 http://azure.archive.ubuntu.com/ubuntu noble/universe amd64 fonts-wqy-zenhei all 0.9.45-8 [7472 kB]
2026-10-07T14:20:25.8372702Z Get:7 http://azure.archive.ubuntu.com/ubuntu noble/main amd64 libproxy1v5 amd64 0.5.4-4build1 [26.5 kB]
2026-10-07T14:20:25.9101037Z Get:8 http://azure.archive.ubuntu.com/ubuntu noble/main amd64 glib-networking-common all 2.80.0-1build1 [6702 B]
2026-10-07T14:20:25.9451952Z Get:9 http://azure.archive.ubuntu.com/ubuntu noble/main amd64 glib-networking-services amd64 2.80.0-1build1 [12.8 kB]
2026-10-07T14:20:25.9802938Z Get:10 http://azure.archive.ubuntu.com/ubuntu noble/main amd64 session-migration amd64 0.3.9build1 [9034 B]
2026-10-07T14:20:26.0155829Z Get:11 http://azure.archive.ubuntu.com/ubuntu noble-updates/main amd64 gsettings-desktop-schemas all 46.1-0ubuntu1 [35.6 kB]
2026-10-07T14:20:26.0505094Z Get:12 http://azure.archive.ubuntu.com/ubuntu noble/main amd64 glib-networking amd64 2.80.0-1build1 [64.1 kB]
2026-10-07T14:20:26.0875102Z Get:13 http://azure.archive.ubuntu.com/ubuntu noble-updates/universe amd64 libva2 amd64 2.20.0-2ubuntu0.2 [66.4 kB]
2026-10-07T14:20:26.1226281Z Get:14 http://azure.archive.ubuntu.com/ubuntu noble-updates/universe amd64 libva-drm2 amd64 2.20.0-2ubuntu0.2 [7124 B]
2026-10-07T14:20:26.1574696Z Get:15 http://azure.archive.ubuntu.com/ubuntu noble-updates/universe amd64 libva-x11-2 amd64 2.20.0-2ubuntu0.2 [12.0 kB]
2026-10-07T14:20:26.1926970Z Get:16 http://azure.archive.ubuntu.com/ubuntu noble/main amd64 libvdpau1 amd64 1.5-2build1 [27.8 kB]
2026-10-07T14:20:26.2209145Z Get:17 http://azure.archive.ubuntu.com/ubuntu noble/universe amd64 libvpl2 amd64 2023.3.0-1build1 [99.8 kB]
2026-10-07T14:20:26.2492004Z Get:18 http://azure.archive.ubuntu.com/ubuntu noble/universe amd64 ocl-icd-libopencl1 amd64 2.3.2-1build1 [38.5 kB]
2026-10-07T14:20:26.2781077Z Get:19 http://azure.archive.ubuntu.com/ubuntu noble/universe amd64 libavutil58 amd64 7:6.1.1-3ubuntu5 [401 kB]
2026-10-07T14:20:26.3551203Z Get:20 http://azure.archive.ubuntu.com/ubuntu noble/universe amd64 libcodec2-1.2 amd64 1.2.0-2build1 [8998 kB]
2026-10-07T14:20:26.4854882Z Get:21 http://azure.archive.ubuntu.com/ubuntu noble/universe amd64 libdav1d7 amd64 1.4.1-1build1 [604 kB]
2026-10-07T14:20:26.5204158Z Get:22 http://azure.archive.ubuntu.com/ubuntu noble/universe amd64 libgsm1 amd64 1.0.22-1build1 [27.8 kB]
2026-10-07T14:20:26.5523486Z Get:23 http://azure.archive.ubuntu.com/ubuntu noble/universe amd64 libhwy1t64 amd64 1.0.7-8.1build1 [584 kB]
2026-10-07T14:20:26.5878676Z Get:24 http://azure.archive.ubuntu.com/ubuntu noble-updates/universe amd64 libjxl0.7 amd64 0.7.0-10.2ubuntu6.1 [1001 kB]
2026-10-07T14:20:26.6245461Z Get:25 http://azure.archive.ubuntu.com/ubuntu noble/main amd64 libmp3lame0 amd64 3.100-6build1 [142 kB]
2026-10-07T14:20:26.6566697Z Get:26 http://azure.archive.ubuntu.com/ubuntu noble/main amd64 libopus0 amd64 1.4-1build1 [208 kB]
2026-10-07T14:20:26.6910878Z Get:27 http://azure.archive.ubuntu.com/ubuntu noble/universe amd64 librav1e0 amd64 0.7.1-2 [1022 kB]
2026-10-07T14:20:26.7398188Z Get:28 http://azure.archive.ubuntu.com/ubuntu noble-updates/main amd64 librsvg2-2 amd64 2.58.0+dfsg-1ubuntu0.1 [2141 kB]
2026-10-07T14:20:26.8068747Z Get:29 http://azure.archive.ubuntu.com/ubuntu noble/universe amd64 libshine3 amd64 3.1.1-2build1 [23.2 kB]
2026-10-07T14:20:26.8419058Z Get:30 http://azure.archive.ubuntu.com/ubuntu noble-updates/main amd64 libspeex1 amd64 1.2.1-2ubuntu2.24.04.1 [59.6 kB]
2026-10-07T14:20:26.8771287Z Get:31 http://azure.archive.ubuntu.com/ubuntu noble/universe amd64 libsvtav1enc1d1 amd64 1.7.0+dfsg-2build1 [2425 kB]
2026-10-07T14:20:26.9245007Z Get:32 http://azure.archive.ubuntu.com/ubuntu noble/universe amd64 libsoxr0 amd64 0.1.3-4build3 [80.0 kB]
2026-10-07T14:20:26.9598785Z Get:33 http://azure.archive.ubuntu.com/ubuntu noble/universe amd64 libswresample4 amd64 7:6.1.1-3ubuntu5 [63.8 kB]
2026-10-07T14:20:27.0273741Z Get:34 http://azure.archive.ubuntu.com/ubuntu noble/main amd64 libtheora0 amd64 1.1.1+dfsg.1-16.1build3 [211 kB]
2026-10-07T14:20:27.1328434Z Get:35 http://azure.archive.ubuntu.com/ubuntu noble/main amd64 libtwolame0 amd64 0.4.0-2build3 [52.3 kB]
2026-10-07T14:20:27.1729772Z Get:36 http://azure.archive.ubuntu.com/ubuntu noble/main amd64 libvorbisenc2 amd64 1.3.7-1build3 [80.8 kB]
2026-10-07T14:20:27.2161499Z Get:37 http://azure.archive.ubuntu.com/ubuntu noble-updates/main amd64 libvpx9 amd64 1.14.0-1ubuntu2.3 [1143 kB]
2026-10-07T14:20:27.3417068Z Get:38 http://azure.archive.ubuntu.com/ubuntu noble/universe amd64 libx264-164 amd64 2:0.164.3108+git31e19f9-1 [604 kB]
2026-10-07T14:20:27.4310304Z Get:39 http://azure.archive.ubuntu.com/ubuntu noble/universe amd64 libx265-199 amd64 3.5-2build1 [1226 kB]
2026-10-07T14:20:27.4855285Z Get:40 http://azure.archive.ubuntu.com/ubuntu noble/universe amd64 libxvidcore4 amd64 2:1.3.7-1build1 [219 kB]
2026-10-07T14:20:27.5185569Z Get:41 http://azure.archive.ubuntu.com/ubuntu noble/universe amd64 libzvbi-common all 0.2.42-2 [42.4 kB]
2026-10-07T14:20:27.5531205Z Get:42 http://azure.archive.ubuntu.com/ubuntu noble/universe amd64 libzvbi0t64 amd64 0.2.42-2 [261 kB]
2026-10-07T14:20:27.5875282Z Get:43 http://azure.archive.ubuntu.com/ubuntu noble/universe amd64 libavcodec60 amd64 7:6.1.1-3ubuntu5 [5851 kB]
2026-10-07T14:20:27.6832864Z Get:44 http://azure.archive.ubuntu.com/ubuntu noble-updates/main amd64 libfreetype6 amd64 2.13.2+dfsg-1ubuntu0.2 [403 kB]
2026-10-07T14:20:27.7167020Z Get:45 http://azure.archive.ubuntu.com/ubuntu noble/universe amd64 libunibreak5 amd64 5.1-2build1 [25.0 kB]
2026-10-07T14:20:27.7485879Z Get:46 http://azure.archive.ubuntu.com/ubuntu noble/universe amd64 libass9 amd64 1:0.17.1-2build1 [104 kB]
2026-10-07T14:20:27.7806324Z Get:47 http://azure.archive.ubuntu.com/ubuntu noble/universe amd64 libudfread0 amd64 1.1.2-1build1 [19.0 kB]
2026-10-07T14:20:27.8123145Z Get:48 http://azure.archive.ubuntu.com/ubuntu noble/universe amd64 libbluray2 amd64 1:1.3.4-1build1 [159 kB]
2026-10-07T14:20:27.8444878Z Get:49 http://azure.archive.ubuntu.com/ubuntu noble/universe amd64 libchromaprint1 amd64 1.5.1-5 [30.5 kB]
2026-10-07T14:20:27.8762525Z Get:50 http://azure.archive.ubuntu.com/ubuntu noble/universe amd64 libgme0 amd64 0.6.3-7build1 [134 kB]
2026-10-07T14:20:27.9084433Z Get:51 http://azure.archive.ubuntu.com/ubuntu noble-updates/main amd64 libmpg123-0t64 amd64 1.32.5-1ubuntu1.1 [169 kB]
2026-10-07T14:20:27.9408318Z Get:52 http://azure.archive.ubuntu.com/ubuntu noble/universe amd64 libopenmpt0t64 amd64 0.7.3-1.1build3 [647 kB]
2026-10-07T14:20:27.9747563Z Get:53 http://azure.archive.ubuntu.com/ubuntu noble/universe amd64 libcjson1 amd64 1.7.17-1 [24.8 kB]
2026-10-07T14:20:28.0068889Z Get:54 http://azure.archive.ubuntu.com/ubuntu noble/universe amd64 libmbedcrypto7t64 amd64 2.28.8-1 [209 kB]
2026-10-07T14:20:28.0396996Z Get:55 http://azure.archive.ubuntu.com/ubuntu noble/universe amd64 librist4 amd64 0.2.10+dfsg-2 [74.9 kB]
2026-10-07T14:20:28.0719045Z Get:56 http://azure.archive.ubuntu.com/ubuntu noble/universe amd64 libsrt1.5-gnutls amd64 1.5.3-1build2 [316 kB]
2026-10-07T14:20:28.1055149Z Get:57 http://azure.archive.ubuntu.com/ubuntu noble-updates/main amd64 libssh-gcrypt-4 amd64 0.10.6-2ubuntu0.5 [226 kB]
2026-10-07T14:20:28.1865226Z Get:58 http://azure.archive.ubuntu.com/ubuntu noble/universe amd64 libavformat60 amd64 7:6.1.1-3ubuntu5 [1153 kB]
2026-10-07T14:20:28.2395662Z Get:59 http://azure.archive.ubuntu.com/ubuntu noble/universe amd64 libbs2b0 amd64 3.1.0+dfsg-7build1 [10.6 kB]
2026-10-07T14:20:28.2718729Z Get:60 http://azure.archive.ubuntu.com/ubuntu noble/universe amd64 libflite1 amd64 2.2-6build3 [13.6 MB]
2026-10-07T14:20:28.4413535Z Get:61 http://azure.archive.ubuntu.com/ubuntu noble/universe amd64 libserd-0-0 amd64 0.32.2-1 [43.6 kB]
2026-10-07T14:20:28.4727754Z Get:62 http://azure.archive.ubuntu.com/ubuntu noble/universe amd64 libzix-0-0 amd64 0.4.2-2build1 [23.6 kB]
2026-10-07T14:20:28.5064844Z Get:63 http://azure.archive.ubuntu.com/ubuntu noble/universe amd64 libsord-0-0 amd64 0.16.16-2build1 [15.8 kB]
2026-10-07T14:20:28.5418946Z Get:64 http://azure.archive.ubuntu.com/ubuntu noble/universe amd64 libsratom-0-0 amd64 0.6.16-1build1 [17.3 kB]
2026-10-07T14:20:28.5737944Z Get:65 http://azure.archive.ubuntu.com/ubuntu noble/universe amd64 liblilv-0-0 amd64 0.24.22-1build1 [41.0 kB]
2026-10-07T14:20:28.6057757Z Get:66 http://azure.archive.ubuntu.com/ubuntu noble/universe amd64 libmysofa1 amd64 1.3.2+dfsg-2ubuntu2 [1158 kB]
2026-10-07T14:20:28.6422968Z Get:67 http://azure.archive.ubuntu.com/ubuntu noble/universe amd64 libplacebo338 amd64 6.338.2-2build1 [2654 kB]
2026-10-07T14:20:28.6860637Z Get:68 http://azure.archive.ubuntu.com/ubuntu noble-updates/main amd64 libblas3 amd64 3.12.0-3build1.1 [238 kB]
2026-10-07T14:20:28.7189197Z Get:69 http://azure.archive.ubuntu.com/ubuntu noble-updates/main amd64 liblapack3 amd64 3.12.0-3build1.1 [2646 kB]
2026-10-07T14:20:28.7603295Z Get:70 http://azure.archive.ubuntu.com/ubuntu noble/main amd64 libasyncns0 amd64 0.8-6build4 [11.3 kB]
2026-10-07T14:20:28.7923374Z Get:71 http://azure.archive.ubuntu.com/ubuntu noble/main amd64 libflac12t64 amd64 1.4.3+ds-2.1ubuntu2 [197 kB]
2026-10-07T14:20:28.8245161Z Get:72 http://azure.archive.ubuntu.com/ubuntu noble-updates/main amd64 libsndfile1 amd64 1.2.2-1ubuntu5.24.04.1 [209 kB]
2026-10-07T14:20:28.8575361Z Get:73 http://azure.archive.ubuntu.com/ubuntu noble-updates/main amd64 libpulse0 amd64 1:16.1+dfsg1-2ubuntu10.1 [292 kB]
2026-10-07T14:20:28.8901484Z Get:74 http://azure.archive.ubuntu.com/ubuntu noble/universe amd64 libsphinxbase3t64 amd64 0.8+5prealpha+1-17build2 [126 kB]
2026-10-07T14:20:28.9222678Z Get:75 http://azure.archive.ubuntu.com/ubuntu noble/universe amd64 libpocketsphinx3 amd64 0.8.0+real5prealpha+1-15ubuntu5 [133 kB]
2026-10-07T14:20:28.9955944Z Get:76 http://azure.archive.ubuntu.com/ubuntu noble/universe amd64 libpostproc57 amd64 7:6.1.1-3ubuntu5 [49.9 kB]
2026-10-07T14:20:29.0243437Z Get:77 http://azure.archive.ubuntu.com/ubuntu noble/main amd64 libsamplerate0 amd64 0.2.2-4build1 [1344 kB]
2026-10-07T14:20:29.0611278Z Get:78 http://azure.archive.ubuntu.com/ubuntu noble/universe amd64 librubberband2 amd64 3.3.0+dfsg-2build1 [130 kB]
2026-10-07T14:20:29.0931338Z Get:79 http://azure.archive.ubuntu.com/ubuntu noble/universe amd64 libswscale7 amd64 7:6.1.1-3ubuntu5 [193 kB]
2026-10-07T14:20:29.1252434Z Get:80 http://azure.archive.ubuntu.com/ubuntu noble/universe amd64 libvidstab1.1 amd64 1.1.0-2build1 [38.5 kB]
2026-10-07T14:20:29.1572138Z Get:81 http://azure.archive.ubuntu.com/ubuntu noble/universe amd64 libzimg2 amd64 3.0.5+ds1-1build1 [254 kB]
2026-10-07T14:20:29.1896502Z Get:82 http://azure.archive.ubuntu.com/ubuntu noble/universe amd64 libavfilter9 amd64 7:6.1.1-3ubuntu5 [4235 kB]
2026-10-07T14:20:29.2590002Z Get:83 http://azure.archive.ubuntu.com/ubuntu noble-updates/main amd64 liborc-0.4-0t64 amd64 1:0.4.38-1ubuntu0.1 [207 kB]
2026-10-07T14:20:29.2876631Z Get:84 http://azure.archive.ubuntu.com/ubuntu noble-updates/main amd64 libgstreamer-plugins-base1.0-0 amd64 1.24.2-1ubuntu0.5 [862 kB]
2026-10-07T14:20:29.3185409Z Get:85 http://azure.archive.ubuntu.com/ubuntu noble/universe amd64 gstreamer1.0-libav amd64 1.24.1-1build1 [103 kB]
2026-10-07T14:20:29.3468301Z Get:86 http://azure.archive.ubuntu.com/ubuntu noble/main amd64 libcdparanoia0 amd64 3.10.2+debian-14build3 [48.5 kB]
2026-10-07T14:20:29.3747285Z Get:87 http://azure.archive.ubuntu.com/ubuntu noble/main amd64 libvisual-0.4-0 amd64 0.4.2-2build1 [115 kB]
2026-10-07T14:20:29.4029260Z Get:88 http://azure.archive.ubuntu.com/ubuntu noble-updates/main amd64 gstreamer1.0-plugins-base amd64 1.24.2-1ubuntu0.5 [721 kB]
2026-10-07T14:20:29.4357320Z Get:89 http://azure.archive.ubuntu.com/ubuntu noble/main amd64 libaa1 amd64 1.4p5-51.1 [49.9 kB]
2026-10-07T14:20:29.4667830Z Get:90 http://azure.archive.ubuntu.com/ubuntu noble/main amd64 libraw1394-11 amd64 2.1.2-2build3 [26.2 kB]
2026-10-07T14:20:29.4944357Z Get:91 http://azure.archive.ubuntu.com/ubuntu noble/main amd64 libavc1394-0 amd64 0.5.4-5build3 [15.4 kB]
2026-10-07T14:20:29.5222700Z Get:92 http://azure.archive.ubuntu.com/ubuntu noble-updates/main amd64 libcaca0 amd64 0.99.beta20-4ubuntu0.2 [209 kB]
2026-10-07T14:20:29.5505588Z Get:93 http://azure.archive.ubuntu.com/ubuntu noble/main amd64 libdv4t64 amd64 1.0.0-17.1build1 [63.2 kB]
2026-10-07T14:20:29.6265784Z Get:94 http://azure.archive.ubuntu.com/ubuntu noble-updates/main amd64 libgstreamer-plugins-good1.0-0 amd64 1.24.2-1ubuntu1.8 [34.3 kB]
2026-10-07T14:20:29.6609448Z Get:95 http://azure.archive.ubuntu.com/ubuntu noble/main amd64 libiec61883-0 amd64 1.2.0-6build1 [24.5 kB]
2026-10-07T14:20:29.6952246Z Get:96 http://azure.archive.ubuntu.com/ubuntu noble/main amd64 libshout3 amd64 2.4.6-1build2 [50.3 kB]
2026-10-07T14:20:29.7298407Z Get:97 http://azure.archive.ubuntu.com/ubuntu noble/main amd64 libtag1v5-vanilla amd64 1.13.1-1build1 [326 kB]
2026-10-07T14:20:29.7724611Z Get:98 http://azure.archive.ubuntu.com/ubuntu noble/main amd64 libtag1v5 amd64 1.13.1-1build1 [11.7 kB]
2026-10-07T14:20:29.8065322Z Get:99 http://azure.archive.ubuntu.com/ubuntu noble/main amd64 libv4lconvert0t64 amd64 1.26.1-4build3 [87.6 kB]
2026-10-07T14:20:29.8416612Z Get:100 http://azure.archive.ubuntu.com/ubuntu noble/main amd64 libv4l-0t64 amd64 1.26.1-4build3 [46.9 kB]
2026-10-07T14:20:29.8820886Z Get:101 http://azure.archive.ubuntu.com/ubuntu noble/main amd64 libwavpack1 amd64 5.6.0-1build1 [84.6 kB]
2026-10-07T14:20:29.9167972Z Get:102 http://azure.archive.ubuntu.com/ubuntu noble-updates/main amd64 libsoup-3.0-common all 3.4.4-5ubuntu0.9 [12.3 kB]
2026-10-07T14:20:29.9882849Z Get:103 http://azure.archive.ubuntu.com/ubuntu noble-updates/main amd64 libsoup-3.0-0 amd64 3.4.4-5ubuntu0.9 [291 kB]
2026-10-07T14:20:30.1590675Z Get:104 http://azure.archive.ubuntu.com/ubuntu noble-updates/main amd64 gstreamer1.0-plugins-good amd64 1.24.2-1ubuntu1.8 [2236 kB]
2026-10-07T14:20:30.1975807Z Get:105 http://azure.archive.ubuntu.com/ubuntu noble-updates/main amd64 libabsl20220623t64 amd64 20220623.1-3.1ubuntu3.2 [423 kB]
2026-10-07T14:20:30.2312156Z Get:106 http://azure.archive.ubuntu.com/ubuntu noble/universe amd64 libgav1-1 amd64 0.18.0-1build3 [357 kB]
2026-10-07T14:20:30.2682326Z Get:107 http://azure.archive.ubuntu.com/ubuntu noble/universe amd64 libyuv0 amd64 0.0~git202401110.af6ac82-1 [178 kB]
2026-10-07T14:20:30.3025081Z Get:108 http://azure.archive.ubuntu.com/ubuntu noble/universe amd64 libavif16 amd64 1.0.4-1ubuntu3 [91.2 kB]
2026-10-07T14:20:30.3347381Z Get:109 http://azure.archive.ubuntu.com/ubuntu noble/universe amd64 libavtp0 amd64 0.2.0-1build1 [6414 B]
2026-10-07T14:20:30.3671306Z Get:110 http://azure.archive.ubuntu.com/ubuntu noble/main amd64 libcairo-script-interpreter2 amd64 1.18.0-3build1 [60.3 kB]
2026-10-07T14:20:30.4030694Z Get:111 http://azure.archive.ubuntu.com/ubuntu noble/universe amd64 libdc1394-25 amd64 2.2.6-4build1 [90.1 kB]
2026-10-07T14:20:30.4423780Z Get:112 http://azure.archive.ubuntu.com/ubuntu noble-updates/main amd64 libde265-0 amd64 1.0.15-1ubuntu0.1 [167 kB]
2026-10-07T14:20:30.4782641Z Get:113 http://azure.archive.ubuntu.com/ubuntu noble/main amd64 libdecor-0-0 amd64 0.2.2-1build2 [16.5 kB]
2026-10-07T14:20:30.5108229Z Get:114 http://azure.archive.ubuntu.com/ubuntu noble/main amd64 libgles2 amd64 1.7.0-1build1 [17.1 kB]
2026-10-07T14:20:30.5419058Z Get:115 http://azure.archive.ubuntu.com/ubuntu noble/universe amd64 libdirectfb-1.7-7t64 amd64 1.7.7-11.1ubuntu2 [1035 kB]
2026-10-07T14:20:30.5822100Z Get:116 http://azure.archive.ubuntu.com/ubuntu noble/universe amd64 libdvdread8t64 amd64 6.1.3-1.1build1 [54.7 kB]
2026-10-07T14:20:30.6137435Z Get:117 http://azure.archive.ubuntu.com/ubuntu noble/universe amd64 libdvdnav4 amd64 6.1.1-3build1 [39.5 kB]
2026-10-07T14:20:30.6453471Z Get:118 http://azure.archive.ubuntu.com/ubuntu noble-updates/main amd64 libgl1-mesa-dri amd64 25.2.8-0ubuntu0.24.04.4 [38.0 kB]
2026-10-07T14:20:30.6767941Z Get:119 http://azure.archive.ubuntu.com/ubuntu noble-updates/main amd64 libglx-mesa0 amd64 25.2.8-0ubuntu0.24.04.4 [110 kB]
2026-10-07T14:20:30.7128100Z Get:120 http://azure.archive.ubuntu.com/ubuntu noble-updates/main amd64 libgbm1 amd64 25.2.8-0ubuntu0.24.04.4 [34.2 kB]
2026-10-07T14:20:30.7920597Z Get:121 http://azure.archive.ubuntu.com/ubuntu noble-updates/main amd64 mesa-libgallium amd64 25.2.8-0ubuntu0.24.04.4 [10.8 MB]
2026-10-07T14:20:30.9707378Z Get:122 http://azure.archive.ubuntu.com/ubuntu noble-updates/main amd64 libegl-mesa0 amd64 25.2.8-0ubuntu0.24.04.4 [117 kB]
2026-10-07T14:20:31.0028788Z Get:123 http://azure.archive.ubuntu.com/ubuntu noble-updates/main amd64 libevent-2.1-7t64 amd64 2.1.12-stable-9ubuntu2.2 [146 kB]
2026-10-07T14:20:31.0364634Z Get:124 http://azure.archive.ubuntu.com/ubuntu noble-updates/main amd64 libevent-pthreads-2.1-7t64 amd64 2.1.12-stable-9ubuntu2.2 [7988 B]
2026-10-07T14:20:31.0680875Z Get:125 http://azure.archive.ubuntu.com/ubuntu noble-updates/main amd64 libevent-core-2.1-7t64 amd64 2.1.12-stable-9ubuntu2.2 [91.9 kB]
2026-10-07T14:20:31.1005181Z Get:126 http://azure.archive.ubuntu.com/ubuntu noble/universe amd64 libfaad2 amd64 2.11.1-1build1 [207 kB]
2026-10-07T14:20:31.1338029Z Get:127 http://azure.archive.ubuntu.com/ubuntu noble/universe amd64 libinstpatch-1.0-2 amd64 1.1.6-1build2 [251 kB]
2026-10-07T14:20:31.1669846Z Get:128 http://azure.archive.ubuntu.com/ubuntu noble/main amd64 libjack-jackd2-0 amd64 1.9.21~dfsg-3ubuntu3 [289 kB]
2026-10-07T14:20:31.2010663Z Get:129 http://azure.archive.ubuntu.com/ubuntu noble/main amd64 libwebrtc-audio-processing1 amd64 0.3.1-0ubuntu6 [290 kB]
2026-10-07T14:20:31.2355564Z Get:130 http://azure.archive.ubuntu.com/ubuntu noble-updates/main amd64 libspa-0.2-modules amd64 1.0.5-1ubuntu3.3 [628 kB]
2026-10-07T14:20:31.2691052Z Get:131 http://azure.archive.ubuntu.com/ubuntu noble-updates/main amd64 libpipewire-0.3-0t64 amd64 1.0.5-1ubuntu3.3 [252 kB]
2026-10-07T14:20:31.3014916Z Get:132 http://azure.archive.ubuntu.com/ubuntu noble-updates/main amd64 libsdl2-2.0-0 amd64 2.30.0+dfsg-1ubuntu3.1 [686 kB]
2026-10-07T14:20:31.3355903Z Get:133 http://azure.archive.ubuntu.com/ubuntu noble/universe amd64 timgm6mb-soundfont all 1.3-5 [5427 kB]
2026-10-07T14:20:31.4289897Z Get:134 http://azure.archive.ubuntu.com/ubuntu noble/universe amd64 libfluidsynth3 amd64 2.3.4-1build3 [249 kB]
2026-10-07T14:20:31.4667247Z Get:135 http://azure.archive.ubuntu.com/ubuntu noble/main amd64 libfreeaptx0 amd64 0.1.1-2build1 [13.5 kB]
2026-10-07T14:20:31.5020655Z Get:136 http://azure.archive.ubuntu.com/ubuntu noble/main amd64 libgraphene-1.0-0 amd64 1.10.8-3build2 [46.2 kB]
2026-10-07T14:20:31.5376481Z Get:137 http://azure.archive.ubuntu.com/ubuntu noble/main amd64 libgssdp-1.6-0 amd64 1.6.3-1build3 [40.4 kB]
2026-10-07T14:20:31.5731588Z Get:138 http://azure.archive.ubuntu.com/ubuntu noble/main amd64 libegl1 amd64 1.7.0-1build1 [28.7 kB]
2026-10-07T14:20:31.6485670Z Get:139 http://azure.archive.ubuntu.com/ubuntu noble-updates/main amd64 libgstreamer-gl1.0-0 amd64 1.24.2-1ubuntu0.5 [214 kB]
2026-10-07T14:20:31.6810693Z Get:140 http://azure.archive.ubuntu.com/ubuntu noble-updates/main amd64 libgtk-4-common all 4.14.5+ds-0ubuntu0.10 [1497 kB]
2026-10-07T14:20:31.7230920Z Get:141 http://azure.archive.ubuntu.com/ubuntu noble-updates/main amd64 libgtk-4-1 amd64 4.14.5+ds-0ubuntu0.10 [3295 kB]
2026-10-07T14:20:31.7942979Z Get:142 http://azure.archive.ubuntu.com/ubuntu noble/main amd64 libgupnp-1.6-0 amd64 1.6.6-1build3 [92.7 kB]
2026-10-07T14:20:31.8261493Z Get:143 http://azure.archive.ubuntu.com/ubuntu noble/universe amd64 libgupnp-igd-1.6-0 amd64 1.6.0-3build3 [16.5 kB]
2026-10-07T14:20:31.8576120Z Get:144 http://azure.archive.ubuntu.com/ubuntu noble/main amd64 libharfbuzz-icu0 amd64 8.3.0-2build2 [13.3 kB]
2026-10-07T14:20:31.8892864Z Get:145 http://azure.archive.ubuntu.com/ubuntu noble/main amd64 libhyphen0 amd64 2.8.8-7build3 [26.5 kB]
2026-10-07T14:20:31.9244298Z Get:146 http://azure.archive.ubuntu.com/ubuntu noble/universe amd64 libimath-3-1-29t64 amd64 3.1.9-3.1ubuntu2 [72.2 kB]
2026-10-07T14:20:31.9627595Z Get:147 http://azure.archive.ubuntu.com/ubuntu noble/main amd64 liblc3-1 amd64 1.0.4-3build1 [69.7 kB]
2026-10-07T14:20:32.0013262Z Get:148 http://azure.archive.ubuntu.com/ubuntu noble/main amd64 libldacbt-enc2 amd64 2.0.2.3+git20200429+ed310a0-4ubuntu2 [27.1 kB]
2026-10-07T14:20:32.0337760Z Get:149 http://azure.archive.ubuntu.com/ubuntu noble-updates/main amd64 libraptor2-0 amd64 2.0.16-3ubuntu0.1 [165 kB]
2026-10-07T14:20:32.0694886Z Get:150 http://azure.archive.ubuntu.com/ubuntu noble/universe amd64 liblrdf0 amd64 0.6.1-4build1 [18.5 kB]
2026-10-07T14:20:32.1015565Z Get:151 http://azure.archive.ubuntu.com/ubuntu noble/universe amd64 libltc11 amd64 1.3.2-1build1 [13.0 kB]
2026-10-07T14:20:32.1332048Z Get:152 http://azure.archive.ubuntu.com/ubuntu noble/main amd64 libmanette-0.2-0 amd64 0.2.7-1build2 [30.6 kB]
2026-10-07T14:20:32.1652625Z Get:153 http://azure.archive.ubuntu.com/ubuntu noble/universe amd64 libmfx1 amd64 22.5.4-1 [3124 kB]
2026-10-07T14:20:32.2296995Z Get:154 http://azure.archive.ubuntu.com/ubuntu noble/universe amd64 libmjpegutils-2.1-0t64 amd64 1:2.1.0+debian-8.1build1 [25.5 kB]
2026-10-07T14:20:32.2652117Z Get:155 http://azure.archive.ubuntu.com/ubuntu noble/universe amd64 libmodplug1 amd64 1:0.8.9.0-3build1 [166 kB]
2026-10-07T14:20:32.2973904Z Get:156 http://azure.archive.ubuntu.com/ubuntu noble/universe amd64 libmpcdec6 amd64 2:0.1~r495-2build1 [32.7 kB]
2026-10-07T14:20:32.3716742Z Get:157 http://azure.archive.ubuntu.com/ubuntu noble/universe amd64 libmpeg2encpp-2.1-0t64 amd64 1:2.1.0+debian-8.1build1 [75.6 kB]
2026-10-07T14:20:32.4034500Z Get:158 http://azure.archive.ubuntu.com/ubuntu noble/universe amd64 libmplex2-2.1-0t64 amd64 1:2.1.0+debian-8.1build1 [46.1 kB]
2026-10-07T14:20:32.4349567Z Get:159 http://azure.archive.ubuntu.com/ubuntu noble/universe amd64 libneon27t64 amd64 0.33.0-1.1build3 [102 kB]
2026-10-07T14:20:32.4666858Z Get:160 http://azure.archive.ubuntu.com/ubuntu noble/universe amd64 libnice10 amd64 0.1.21-2build3 [157 kB]
2026-10-07T14:20:32.5298939Z Get:161 http://azure.archive.ubuntu.com/ubuntu noble/universe amd64 libopenal-data all 1:1.23.1-4build1 [161 kB]
2026-10-07T14:20:32.6762548Z Get:162 http://azure.archive.ubuntu.com/ubuntu noble/universe amd64 libopenexr-3-1-30 amd64 3.1.5-5.1build3 [1004 kB]
2026-10-07T14:20:32.8047143Z Get:163 http://azure.archive.ubuntu.com/ubuntu noble/universe amd64 libopenh264-7 amd64 2.4.1+dfsg-1 [409 kB]
2026-10-07T14:20:32.8448579Z Get:164 http://azure.archive.ubuntu.com/ubuntu noble/universe amd64 libopenni2-0 amd64 2.2.0.33+dfsg-18 [370 kB]
2026-10-07T14:20:32.8819763Z Get:165 http://azure.archive.ubuntu.com/ubuntu noble/universe amd64 libqrencode4 amd64 4.1.1-1build2 [25.0 kB]
2026-10-07T14:20:32.9137275Z Get:166 http://azure.archive.ubuntu.com/ubuntu noble/main amd64 libsecret-common all 0.21.4-1build3 [4962 B]
2026-10-07T14:20:32.9454708Z Get:167 http://azure.archive.ubuntu.com/ubuntu noble/main amd64 libsecret-1-0 amd64 0.21.4-1build3 [116 kB]
2026-10-07T14:20:32.9782379Z Get:168 http://azure.archive.ubuntu.com/ubuntu noble/universe amd64 libsndio7.0 amd64 1.9.0-0.3build3 [29.6 kB]
2026-10-07T14:20:33.0100050Z Get:169 http://azure.archive.ubuntu.com/ubuntu noble/universe amd64 libsoundtouch1 amd64 2.3.2+ds1-1build1 [60.5 kB]
2026-10-07T14:20:33.0417527Z Get:170 http://azure.archive.ubuntu.com/ubuntu noble/universe amd64 libspandsp2t64 amd64 0.0.6+dfsg-2.1build1 [311 kB]
2026-10-07T14:20:33.0793747Z Get:171 http://azure.archive.ubuntu.com/ubuntu noble/universe amd64 libsrtp2-1 amd64 2.5.0-3build1 [41.9 kB]
2026-10-07T14:20:33.1113084Z Get:172 http://azure.archive.ubuntu.com/ubuntu noble/main amd64 libwayland-server0 amd64 1.22.0-2.1build1 [33.9 kB]
2026-10-07T14:20:33.1467730Z Get:173 http://azure.archive.ubuntu.com/ubuntu noble/universe amd64 libwildmidi2 amd64 0.4.3-1build3 [68.5 kB]
2026-10-07T14:20:33.1822375Z Get:174 http://azure.archive.ubuntu.com/ubuntu noble/main amd64 libwoff1 amd64 1.0.2-2build1 [45.3 kB]
2026-10-07T14:20:33.2179090Z Get:175 http://azure.archive.ubuntu.com/ubuntu noble/main amd64 libxcb-xkb1 amd64 1.15-1ubuntu2 [32.3 kB]
2026-10-07T14:20:33.2956837Z Get:176 http://azure.archive.ubuntu.com/ubuntu noble/main amd64 libxkbcommon-x11-0 amd64 1.6.0-1build1 [14.5 kB]
2026-10-07T14:20:33.3311201Z Get:177 http://azure.archive.ubuntu.com/ubuntu noble/universe amd64 libzbar0t64 amd64 0.23.93-4build3 [123 kB]
2026-10-07T14:20:33.3632769Z Get:178 http://azure.archive.ubuntu.com/ubuntu noble/universe amd64 libzxing3 amd64 2.2.1-3 [583 kB]
2026-10-07T14:20:33.4060068Z Get:179 http://azure.archive.ubuntu.com/ubuntu noble/main amd64 xfonts-encodings all 1:1.0.5-0ubuntu2 [578 kB]
2026-10-07T14:20:33.4492992Z Get:180 http://azure.archive.ubuntu.com/ubuntu noble/main amd64 xfonts-utils amd64 1:7.7+6build3 [94.4 kB]
2026-10-07T14:20:33.4817235Z Get:181 http://azure.archive.ubuntu.com/ubuntu noble/universe amd64 xfonts-cyrillic all 1:1.0.5+nmu1 [384 kB]
2026-10-07T14:20:33.5205520Z Get:182 http://azure.archive.ubuntu.com/ubuntu noble/main amd64 xfonts-scalable all 1:1.0.3-1.3 [304 kB]
2026-10-07T14:20:33.5573938Z Get:183 http://azure.archive.ubuntu.com/ubuntu noble/universe amd64 libgstreamer-plugins-bad1.0-0 amd64 1.24.2-1ubuntu4 [797 kB]
2026-10-07T14:20:33.6040502Z Get:184 http://azure.archive.ubuntu.com/ubuntu noble/universe amd64 libdca0 amd64 0.0.7-2build1 [93.8 kB]
2026-10-07T14:20:33.6360472Z Get:185 http://azure.archive.ubuntu.com/ubuntu noble/universe amd64 libopenal1 amd64 1:1.23.1-4build1 [540 kB]
2026-10-07T14:20:33.6758053Z Get:186 http://azure.archive.ubuntu.com/ubuntu noble/main amd64 libsbc1 amd64 2.0-1build1 [33.9 kB]
2026-10-07T14:20:33.7062335Z Get:187 http://azure.archive.ubuntu.com/ubuntu noble/universe amd64 libvo-aacenc0 amd64 0.1.3-2build1 [67.8 kB]
2026-10-07T14:20:33.7366903Z Get:188 http://azure.archive.ubuntu.com/ubuntu noble/universe amd64 libvo-amrwbenc0 amd64 0.1.3-2build1 [76.7 kB]
2026-10-07T14:20:33.7674379Z Get:189 http://azure.archive.ubuntu.com/ubuntu noble/universe amd64 gstreamer1.0-plugins-bad amd64 1.24.2-1ubuntu4 [3081 kB]
2026-10-07T14:20:34.1689391Z Fetched 126 MB in 8s (14.9 MB/s)
2026-10-07T14:20:34.1912301Z Selecting previously unselected package fonts-ipafont-gothic.
2026-10-07T14:20:34.2171106Z (Reading database ...
2026-10-07T14:20:34.2171469Z (Reading database ... 5%
2026-10-07T14:20:34.2171718Z (Reading database ... 10%
2026-10-07T14:20:34.2172078Z (Reading database ... 15%
2026-10-07T14:20:34.2172312Z (Reading database ... 20%
2026-10-07T14:20:34.2172933Z (Reading database ... 25%
2026-10-07T14:20:34.2173152Z (Reading database ... 30%
2026-10-07T14:20:34.2173377Z (Reading database ... 35%
2026-10-07T14:20:34.2173598Z (Reading database ... 40%
2026-10-07T14:20:34.2173820Z (Reading database ... 45%
2026-10-07T14:20:34.2174042Z (Reading database ... 50%
2026-10-07T14:20:34.2213730Z (Reading database ... 55%
2026-10-07T14:20:34.3007952Z (Reading database ... 60%
2026-10-07T14:20:34.4622684Z (Reading database ... 65%
2026-10-07T14:20:34.6472192Z (Reading database ... 70%
2026-10-07T14:20:34.8495123Z (Reading database ... 75%
2026-10-07T14:20:34.9634770Z (Reading database ... 80%
2026-10-07T14:20:35.0990599Z (Reading database ... 85%
2026-10-07T14:20:35.2107997Z (Reading database ... 90%
2026-10-07T14:20:35.3095071Z (Reading database ... 95%
2026-10-07T14:20:35.3095351Z (Reading database ... 100%
2026-10-07T14:20:35.3095638Z (Reading database ... 202296 files and directories currently installed.)
2026-10-07T14:20:35.3133933Z Preparing to unpack .../000-fonts-ipafont-gothic_00303-21ubuntu1_all.deb ...
2026-10-07T14:20:35.3246259Z Unpacking fonts-ipafont-gothic (00303-21ubuntu1) ...
2026-10-07T14:20:35.5832439Z Selecting previously unselected package fonts-freefont-ttf.
2026-10-07T14:20:35.5936112Z Preparing to unpack .../001-fonts-freefont-ttf_20211204+svn4273-2_all.deb ...
2026-10-07T14:20:35.5943887Z Unpacking fonts-freefont-ttf (20211204+svn4273-2) ...
2026-10-07T14:20:35.6832994Z Selecting previously unselected package fonts-tlwg-loma-otf.
2026-10-07T14:20:35.6937387Z Preparing to unpack .../002-fonts-tlwg-loma-otf_1%3a0.7.3-1_all.deb ...
2026-10-07T14:20:35.6946190Z Unpacking fonts-tlwg-loma-otf (1:0.7.3-1) ...
2026-10-07T14:20:35.7149192Z Selecting previously unselected package fonts-unifont.
2026-10-07T14:20:35.7253998Z Preparing to unpack .../003-fonts-unifont_1%3a15.1.01-1build1_all.deb ...
2026-10-07T14:20:35.7262205Z Unpacking fonts-unifont (1:15.1.01-1build1) ...
2026-10-07T14:20:35.9337003Z Selecting previously unselected package fonts-wqy-zenhei.
2026-10-07T14:20:35.9442940Z Preparing to unpack .../004-fonts-wqy-zenhei_0.9.45-8_all.deb ...
2026-10-07T14:20:35.9535225Z Unpacking fonts-wqy-zenhei (0.9.45-8) ...
2026-10-07T14:20:36.4425947Z Selecting previously unselected package libproxy1v5:amd64.
2026-10-07T14:20:36.4530226Z Preparing to unpack .../005-libproxy1v5_0.5.4-4build1_amd64.deb ...
2026-10-07T14:20:36.4649207Z Unpacking libproxy1v5:amd64 (0.5.4-4build1) ...
2026-10-07T14:20:36.4894737Z Selecting previously unselected package glib-networking-common.
2026-10-07T14:20:36.5005372Z Preparing to unpack .../006-glib-networking-common_2.80.0-1build1_all.deb ...
2026-10-07T14:20:36.5013517Z Unpacking glib-networking-common (2.80.0-1build1) ...
2026-10-07T14:20:36.5203915Z Selecting previously unselected package glib-networking-services.
2026-10-07T14:20:36.5313684Z Preparing to unpack .../007-glib-networking-services_2.80.0-1build1_amd64.deb ...
2026-10-07T14:20:36.5324559Z Unpacking glib-networking-services (2.80.0-1build1) ...
2026-10-07T14:20:36.5534245Z Selecting previously unselected package session-migration.
2026-10-07T14:20:36.5644025Z Preparing to unpack .../008-session-migration_0.3.9build1_amd64.deb ...
2026-10-07T14:20:36.5653088Z Unpacking session-migration (0.3.9build1) ...
2026-10-07T14:20:36.5873390Z Selecting previously unselected package gsettings-desktop-schemas.
2026-10-07T14:20:36.5976452Z Preparing to unpack .../009-gsettings-desktop-schemas_46.1-0ubuntu1_all.deb ...
2026-10-07T14:20:36.5985301Z Unpacking gsettings-desktop-schemas (46.1-0ubuntu1) ...
2026-10-07T14:20:36.6375261Z Selecting previously unselected package glib-networking:amd64.
2026-10-07T14:20:36.6479056Z Preparing to unpack .../010-glib-networking_2.80.0-1build1_amd64.deb ...
2026-10-07T14:20:36.6486856Z Unpacking glib-networking:amd64 (2.80.0-1build1) ...
2026-10-07T14:20:36.6700400Z Selecting previously unselected package libva2:amd64.
2026-10-07T14:20:36.6805373Z Preparing to unpack .../011-libva2_2.20.0-2ubuntu0.2_amd64.deb ...
2026-10-07T14:20:36.6814836Z Unpacking libva2:amd64 (2.20.0-2ubuntu0.2) ...
2026-10-07T14:20:36.7024928Z Selecting previously unselected package libva-drm2:amd64.
2026-10-07T14:20:36.7127482Z Preparing to unpack .../012-libva-drm2_2.20.0-2ubuntu0.2_amd64.deb ...
2026-10-07T14:20:36.7136722Z Unpacking libva-drm2:amd64 (2.20.0-2ubuntu0.2) ...
2026-10-07T14:20:36.7331026Z Selecting previously unselected package libva-x11-2:amd64.
2026-10-07T14:20:36.7433026Z Preparing to unpack .../013-libva-x11-2_2.20.0-2ubuntu0.2_amd64.deb ...
2026-10-07T14:20:36.7441097Z Unpacking libva-x11-2:amd64 (2.20.0-2ubuntu0.2) ...
2026-10-07T14:20:36.7805054Z Selecting previously unselected package libvdpau1:amd64.
2026-10-07T14:20:36.7932274Z Preparing to unpack .../014-libvdpau1_1.5-2build1_amd64.deb ...
2026-10-07T14:20:36.7941641Z Unpacking libvdpau1:amd64 (1.5-2build1) ...
2026-10-07T14:20:36.8212100Z Selecting previously unselected package libvpl2.
2026-10-07T14:20:36.8417087Z Preparing to unpack .../015-libvpl2_2023.3.0-1build1_amd64.deb ...
2026-10-07T14:20:36.8426729Z Unpacking libvpl2 (2023.3.0-1build1) ...
2026-10-07T14:20:36.8844777Z Selecting previously unselected package ocl-icd-libopencl1:amd64.
2026-10-07T14:20:36.8982542Z Preparing to unpack .../016-ocl-icd-libopencl1_2.3.2-1build1_amd64.deb ...
2026-10-07T14:20:36.8992101Z Unpacking ocl-icd-libopencl1:amd64 (2.3.2-1build1) ...
2026-10-07T14:20:36.9229689Z Selecting previously unselected package libavutil58:amd64.
2026-10-07T14:20:36.9337687Z Preparing to unpack .../017-libavutil58_7%3a6.1.1-3ubuntu5_amd64.deb ...
2026-10-07T14:20:36.9348697Z Unpacking libavutil58:amd64 (7:6.1.1-3ubuntu5) ...
2026-10-07T14:20:36.9596198Z Selecting previously unselected package libcodec2-1.2:amd64.
2026-10-07T14:20:36.9705528Z Preparing to unpack .../018-libcodec2-1.2_1.2.0-2build1_amd64.deb ...
2026-10-07T14:20:36.9716226Z Unpacking libcodec2-1.2:amd64 (1.2.0-2build1) ...
2026-10-07T14:20:37.1192977Z Selecting previously unselected package libdav1d7:amd64.
2026-10-07T14:20:37.1292764Z Preparing to unpack .../019-libdav1d7_1.4.1-1build1_amd64.deb ...
2026-10-07T14:20:37.1302516Z Unpacking libdav1d7:amd64 (1.4.1-1build1) ...
2026-10-07T14:20:37.1538140Z Selecting previously unselected package libgsm1:amd64.
2026-10-07T14:20:37.1638294Z Preparing to unpack .../020-libgsm1_1.0.22-1build1_amd64.deb ...
2026-10-07T14:20:37.1646847Z Unpacking libgsm1:amd64 (1.0.22-1build1) ...
2026-10-07T14:20:37.1839699Z Selecting previously unselected package libhwy1t64:amd64.
2026-10-07T14:20:37.1942393Z Preparing to unpack .../021-libhwy1t64_1.0.7-8.1build1_amd64.deb ...
2026-10-07T14:20:37.1950713Z Unpacking libhwy1t64:amd64 (1.0.7-8.1build1) ...
2026-10-07T14:20:37.2280903Z Selecting previously unselected package libjxl0.7:amd64.
2026-10-07T14:20:37.2384018Z Preparing to unpack .../022-libjxl0.7_0.7.0-10.2ubuntu6.1_amd64.deb ...
2026-10-07T14:20:37.2391054Z Unpacking libjxl0.7:amd64 (0.7.0-10.2ubuntu6.1) ...
2026-10-07T14:20:37.2770730Z Selecting previously unselected package libmp3lame0:amd64.
2026-10-07T14:20:37.2874077Z Preparing to unpack .../023-libmp3lame0_3.100-6build1_amd64.deb ...
2026-10-07T14:20:37.2881983Z Unpacking libmp3lame0:amd64 (3.100-6build1) ...
2026-10-07T14:20:37.3080062Z Selecting previously unselected package libopus0:amd64.
2026-10-07T14:20:37.3182380Z Preparing to unpack .../024-libopus0_1.4-1build1_amd64.deb ...
2026-10-07T14:20:37.3189320Z Unpacking libopus0:amd64 (1.4-1build1) ...
2026-10-07T14:20:37.3392564Z Selecting previously unselected package librav1e0:amd64.
2026-10-07T14:20:37.3494673Z Preparing to unpack .../025-librav1e0_0.7.1-2_amd64.deb ...
2026-10-07T14:20:37.3501559Z Unpacking librav1e0:amd64 (0.7.1-2) ...
2026-10-07T14:20:37.3875753Z Selecting previously unselected package librsvg2-2:amd64.
2026-10-07T14:20:37.3979548Z Preparing to unpack .../026-librsvg2-2_2.58.0+dfsg-1ubuntu0.1_amd64.deb ...
2026-10-07T14:20:37.4125375Z Unpacking librsvg2-2:amd64 (2.58.0+dfsg-1ubuntu0.1) ...
2026-10-07T14:20:37.4776770Z Selecting previously unselected package libshine3:amd64.
2026-10-07T14:20:37.4879656Z Preparing to unpack .../027-libshine3_3.1.1-2build1_amd64.deb ...
2026-10-07T14:20:37.4887319Z Unpacking libshine3:amd64 (3.1.1-2build1) ...
2026-10-07T14:20:37.5076166Z Selecting previously unselected package libspeex1:amd64.
2026-10-07T14:20:37.5177817Z Preparing to unpack .../028-libspeex1_1.2.1-2ubuntu2.24.04.1_amd64.deb ...
2026-10-07T14:20:37.5184645Z Unpacking libspeex1:amd64 (1.2.1-2ubuntu2.24.04.1) ...
2026-10-07T14:20:37.5383039Z Selecting previously unselected package libsvtav1enc1d1:amd64.
2026-10-07T14:20:37.5486999Z Preparing to unpack .../029-libsvtav1enc1d1_1.7.0+dfsg-2build1_amd64.deb ...
2026-10-07T14:20:37.5494641Z Unpacking libsvtav1enc1d1:amd64 (1.7.0+dfsg-2build1) ...
2026-10-07T14:20:37.6396189Z Selecting previously unselected package libsoxr0:amd64.
2026-10-07T14:20:37.6499898Z Preparing to unpack .../030-libsoxr0_0.1.3-4build3_amd64.deb ...
2026-10-07T14:20:37.6511346Z Unpacking libsoxr0:amd64 (0.1.3-4build3) ...
2026-10-07T14:20:37.6711417Z Selecting previously unselected package libswresample4:amd64.
2026-10-07T14:20:37.6814282Z Preparing to unpack .../031-libswresample4_7%3a6.1.1-3ubuntu5_amd64.deb ...
2026-10-07T14:20:37.6820859Z Unpacking libswresample4:amd64 (7:6.1.1-3ubuntu5) ...
2026-10-07T14:20:37.7026199Z Selecting previously unselected package libtheora0:amd64.
2026-10-07T14:20:37.7131341Z Preparing to unpack .../032-libtheora0_1.1.1+dfsg.1-16.1build3_amd64.deb ...
2026-10-07T14:20:37.7212221Z Unpacking libtheora0:amd64 (1.1.1+dfsg.1-16.1build3) ...
2026-10-07T14:20:37.7432199Z Selecting previously unselected package libtwolame0:amd64.
2026-10-07T14:20:37.7539298Z Preparing to unpack .../033-libtwolame0_0.4.0-2build3_amd64.deb ...
2026-10-07T14:20:37.7547402Z Unpacking libtwolame0:amd64 (0.4.0-2build3) ...
2026-10-07T14:20:37.7799517Z Selecting previously unselected package libvorbisenc2:amd64.
2026-10-07T14:20:37.7904365Z Preparing to unpack .../034-libvorbisenc2_1.3.7-1build3_amd64.deb ...
2026-10-07T14:20:37.7911576Z Unpacking libvorbisenc2:amd64 (1.3.7-1build3) ...
2026-10-07T14:20:37.8125874Z Selecting previously unselected package libvpx9:amd64.
2026-10-07T14:20:37.8235929Z Preparing to unpack .../035-libvpx9_1.14.0-1ubuntu2.3_amd64.deb ...
2026-10-07T14:20:37.8242849Z Unpacking libvpx9:amd64 (1.14.0-1ubuntu2.3) ...
2026-10-07T14:20:37.8554501Z Selecting previously unselected package libx264-164:amd64.
2026-10-07T14:20:37.8658750Z Preparing to unpack .../036-libx264-164_2%3a0.164.3108+git31e19f9-1_amd64.deb ...
2026-10-07T14:20:37.8667176Z Unpacking libx264-164:amd64 (2:0.164.3108+git31e19f9-1) ...
2026-10-07T14:20:37.8949342Z Selecting previously unselected package libx265-199:amd64.
2026-10-07T14:20:37.9052659Z Preparing to unpack .../037-libx265-199_3.5-2build1_amd64.deb ...
2026-10-07T14:20:37.9059591Z Unpacking libx265-199:amd64 (3.5-2build1) ...
2026-10-07T14:20:38.0553249Z Selecting previously unselected package libxvidcore4:amd64.
2026-10-07T14:20:38.0654871Z Preparing to unpack .../038-libxvidcore4_2%3a1.3.7-1build1_amd64.deb ...
2026-10-07T14:20:38.0662730Z Unpacking libxvidcore4:amd64 (2:1.3.7-1build1) ...
2026-10-07T14:20:38.0859500Z Selecting previously unselected package libzvbi-common.
2026-10-07T14:20:38.0960781Z Preparing to unpack .../039-libzvbi-common_0.2.42-2_all.deb ...
2026-10-07T14:20:38.0969270Z Unpacking libzvbi-common (0.2.42-2) ...
2026-10-07T14:20:38.1226874Z Selecting previously unselected package libzvbi0t64:amd64.
2026-10-07T14:20:38.1331197Z Preparing to unpack .../040-libzvbi0t64_0.2.42-2_amd64.deb ...
2026-10-07T14:20:38.1338732Z Unpacking libzvbi0t64:amd64 (0.2.42-2) ...
2026-10-07T14:20:38.1554323Z Selecting previously unselected package libavcodec60:amd64.
2026-10-07T14:20:38.1656743Z Preparing to unpack .../041-libavcodec60_7%3a6.1.1-3ubuntu5_amd64.deb ...
2026-10-07T14:20:38.1663393Z Unpacking libavcodec60:amd64 (7:6.1.1-3ubuntu5) ...
2026-10-07T14:20:38.3387342Z Preparing to unpack .../042-libfreetype6_2.13.2+dfsg-1ubuntu0.2_amd64.deb ...
2026-10-07T14:20:38.3489006Z Unpacking libfreetype6:amd64 (2.13.2+dfsg-1ubuntu0.2) over (2.13.2+dfsg-1ubuntu0.1) ...
2026-10-07T14:20:38.3733618Z Selecting previously unselected package libunibreak5:amd64.
2026-10-07T14:20:38.3839838Z Preparing to unpack .../043-libunibreak5_5.1-2build1_amd64.deb ...
2026-10-07T14:20:38.3847775Z Unpacking libunibreak5:amd64 (5.1-2build1) ...
2026-10-07T14:20:38.4044380Z Selecting previously unselected package libass9:amd64.
2026-10-07T14:20:38.4146981Z Preparing to unpack .../044-libass9_1%3a0.17.1-2build1_amd64.deb ...
2026-10-07T14:20:38.4157114Z Unpacking libass9:amd64 (1:0.17.1-2build1) ...
2026-10-07T14:20:38.4369234Z Selecting previously unselected package libudfread0:amd64.
2026-10-07T14:20:38.4478990Z Preparing to unpack .../045-libudfread0_1.1.2-1build1_amd64.deb ...
2026-10-07T14:20:38.4486927Z Unpacking libudfread0:amd64 (1.1.2-1build1) ...
2026-10-07T14:20:38.4691367Z Selecting previously unselected package libbluray2:amd64.
2026-10-07T14:20:38.4802723Z Preparing to unpack .../046-libbluray2_1%3a1.3.4-1build1_amd64.deb ...
2026-10-07T14:20:38.4810223Z Unpacking libbluray2:amd64 (1:1.3.4-1build1) ...
2026-10-07T14:20:38.5026853Z Selecting previously unselected package libchromaprint1:amd64.
2026-10-07T14:20:38.5136283Z Preparing to unpack .../047-libchromaprint1_1.5.1-5_amd64.deb ...
2026-10-07T14:20:38.5144516Z Unpacking libchromaprint1:amd64 (1.5.1-5) ...
2026-10-07T14:20:38.5345171Z Selecting previously unselected package libgme0:amd64.
2026-10-07T14:20:38.5455232Z Preparing to unpack .../048-libgme0_0.6.3-7build1_amd64.deb ...
2026-10-07T14:20:38.5462764Z Unpacking libgme0:amd64 (0.6.3-7build1) ...
2026-10-07T14:20:38.5688935Z Selecting previously unselected package libmpg123-0t64:amd64.
2026-10-07T14:20:38.5798994Z Preparing to unpack .../049-libmpg123-0t64_1.32.5-1ubuntu1.1_amd64.deb ...
2026-10-07T14:20:38.5807013Z Unpacking libmpg123-0t64:amd64 (1.32.5-1ubuntu1.1) ...
2026-10-07T14:20:38.6023782Z Selecting previously unselected package libopenmpt0t64:amd64.
2026-10-07T14:20:38.6132757Z Preparing to unpack .../050-libopenmpt0t64_0.7.3-1.1build3_amd64.deb ...
2026-10-07T14:20:38.6141333Z Unpacking libopenmpt0t64:amd64 (0.7.3-1.1build3) ...
2026-10-07T14:20:38.6383424Z Selecting previously unselected package libcjson1:amd64.
2026-10-07T14:20:38.6486929Z Preparing to unpack .../051-libcjson1_1.7.17-1_amd64.deb ...
2026-10-07T14:20:38.6580753Z Unpacking libcjson1:amd64 (1.7.17-1) ...
2026-10-07T14:20:38.6787220Z Selecting previously unselected package libmbedcrypto7t64:amd64.
2026-10-07T14:20:38.6894313Z Preparing to unpack .../052-libmbedcrypto7t64_2.28.8-1_amd64.deb ...
2026-10-07T14:20:38.6902169Z Unpacking libmbedcrypto7t64:amd64 (2.28.8-1) ...
2026-10-07T14:20:38.7115397Z Selecting previously unselected package librist4:amd64.
2026-10-07T14:20:38.7222242Z Preparing to unpack .../053-librist4_0.2.10+dfsg-2_amd64.deb ...
2026-10-07T14:20:38.7231422Z Unpacking librist4:amd64 (0.2.10+dfsg-2) ...
2026-10-07T14:20:38.7432445Z Selecting previously unselected package libsrt1.5-gnutls:amd64.
2026-10-07T14:20:38.7536518Z Preparing to unpack .../054-libsrt1.5-gnutls_1.5.3-1build2_amd64.deb ...
2026-10-07T14:20:38.7543661Z Unpacking libsrt1.5-gnutls:amd64 (1.5.3-1build2) ...
2026-10-07T14:20:38.7768541Z Selecting previously unselected package libssh-gcrypt-4:amd64.
2026-10-07T14:20:38.7871748Z Preparing to unpack .../055-libssh-gcrypt-4_0.10.6-2ubuntu0.5_amd64.deb ...
2026-10-07T14:20:38.7879919Z Unpacking libssh-gcrypt-4:amd64 (0.10.6-2ubuntu0.5) ...
2026-10-07T14:20:38.8098739Z Selecting previously unselected package libavformat60:amd64.
2026-10-07T14:20:38.8204952Z Preparing to unpack .../056-libavformat60_7%3a6.1.1-3ubuntu5_amd64.deb ...
2026-10-07T14:20:38.8212387Z Unpacking libavformat60:amd64 (7:6.1.1-3ubuntu5) ...
2026-10-07T14:20:38.8517214Z Selecting previously unselected package libbs2b0:amd64.
2026-10-07T14:20:38.8620128Z Preparing to unpack .../057-libbs2b0_3.1.0+dfsg-7build1_amd64.deb ...
2026-10-07T14:20:38.8628132Z Unpacking libbs2b0:amd64 (3.1.0+dfsg-7build1) ...
2026-10-07T14:20:38.8843313Z Selecting previously unselected package libflite1:amd64.
2026-10-07T14:20:38.8948519Z Preparing to unpack .../058-libflite1_2.2-6build3_amd64.deb ...
2026-10-07T14:20:38.8956329Z Unpacking libflite1:amd64 (2.2-6build3) ...
2026-10-07T14:20:39.0620647Z Selecting previously unselected package libserd-0-0:amd64.
2026-10-07T14:20:39.0725647Z Preparing to unpack .../059-libserd-0-0_0.32.2-1_amd64.deb ...
2026-10-07T14:20:39.0732834Z Unpacking libserd-0-0:amd64 (0.32.2-1) ...
2026-10-07T14:20:39.0923508Z Selecting previously unselected package libzix-0-0:amd64.
2026-10-07T14:20:39.1030538Z Preparing to unpack .../060-libzix-0-0_0.4.2-2build1_amd64.deb ...
2026-10-07T14:20:39.1038550Z Unpacking libzix-0-0:amd64 (0.4.2-2build1) ...
2026-10-07T14:20:39.1222895Z Selecting previously unselected package libsord-0-0:amd64.
2026-10-07T14:20:39.1324758Z Preparing to unpack .../061-libsord-0-0_0.16.16-2build1_amd64.deb ...
2026-10-07T14:20:39.1332034Z Unpacking libsord-0-0:amd64 (0.16.16-2build1) ...
2026-10-07T14:20:39.1520032Z Selecting previously unselected package libsratom-0-0:amd64.
2026-10-07T14:20:39.1620321Z Preparing to unpack .../062-libsratom-0-0_0.6.16-1build1_amd64.deb ...
2026-10-07T14:20:39.1626928Z Unpacking libsratom-0-0:amd64 (0.6.16-1build1) ...
2026-10-07T14:20:39.1806517Z Selecting previously unselected package liblilv-0-0:amd64.
2026-10-07T14:20:39.1907161Z Preparing to unpack .../063-liblilv-0-0_0.24.22-1build1_amd64.deb ...
2026-10-07T14:20:39.1913670Z Unpacking liblilv-0-0:amd64 (0.24.22-1build1) ...
2026-10-07T14:20:39.2095674Z Selecting previously unselected package libmysofa1:amd64.
2026-10-07T14:20:39.2195230Z Preparing to unpack .../064-libmysofa1_1.3.2+dfsg-2ubuntu2_amd64.deb ...
2026-10-07T14:20:39.2202921Z Unpacking libmysofa1:amd64 (1.3.2+dfsg-2ubuntu2) ...
2026-10-07T14:20:39.2417545Z Selecting previously unselected package libplacebo338:amd64.
2026-10-07T14:20:39.2519023Z Preparing to unpack .../065-libplacebo338_6.338.2-2build1_amd64.deb ...
2026-10-07T14:20:39.2527489Z Unpacking libplacebo338:amd64 (6.338.2-2build1) ...
2026-10-07T14:20:39.3531418Z Selecting previously unselected package libblas3:amd64.
2026-10-07T14:20:39.3632181Z Preparing to unpack .../066-libblas3_3.12.0-3build1.1_amd64.deb ...
2026-10-07T14:20:39.3665765Z Unpacking libblas3:amd64 (3.12.0-3build1.1) ...
2026-10-07T14:20:39.3884865Z Selecting previously unselected package liblapack3:amd64.
2026-10-07T14:20:39.3984742Z Preparing to unpack .../067-liblapack3_3.12.0-3build1.1_amd64.deb ...
2026-10-07T14:20:39.4015891Z Unpacking liblapack3:amd64 (3.12.0-3build1.1) ...
2026-10-07T14:20:39.4803568Z Selecting previously unselected package libasyncns0:amd64.
2026-10-07T14:20:39.4905593Z Preparing to unpack .../068-libasyncns0_0.8-6build4_amd64.deb ...
2026-10-07T14:20:39.4913191Z Unpacking libasyncns0:amd64 (0.8-6build4) ...
2026-10-07T14:20:39.5184303Z Selecting previously unselected package libflac12t64:amd64.
2026-10-07T14:20:39.5285392Z Preparing to unpack .../069-libflac12t64_1.4.3+ds-2.1ubuntu2_amd64.deb ...
2026-10-07T14:20:39.5293009Z Unpacking libflac12t64:amd64 (1.4.3+ds-2.1ubuntu2) ...
2026-10-07T14:20:39.5493634Z Selecting previously unselected package libsndfile1:amd64.
2026-10-07T14:20:39.5598364Z Preparing to unpack .../070-libsndfile1_1.2.2-1ubuntu5.24.04.1_amd64.deb ...
2026-10-07T14:20:39.5607101Z Unpacking libsndfile1:amd64 (1.2.2-1ubuntu5.24.04.1) ...
2026-10-07T14:20:39.6230979Z Selecting previously unselected package libpulse0:amd64.
2026-10-07T14:20:39.6336601Z Preparing to unpack .../071-libpulse0_1%3a16.1+dfsg1-2ubuntu10.1_amd64.deb ...
2026-10-07T14:20:39.6581665Z Unpacking libpulse0:amd64 (1:16.1+dfsg1-2ubuntu10.1) ...
2026-10-07T14:20:39.7133222Z Selecting previously unselected package libsphinxbase3t64:amd64.
2026-10-07T14:20:39.7234069Z Preparing to unpack .../072-libsphinxbase3t64_0.8+5prealpha+1-17build2_amd64.deb ...
2026-10-07T14:20:39.7242650Z Unpacking libsphinxbase3t64:amd64 (0.8+5prealpha+1-17build2) ...
2026-10-07T14:20:39.7435502Z Selecting previously unselected package libpocketsphinx3:amd64.
2026-10-07T14:20:39.7544417Z Preparing to unpack .../073-libpocketsphinx3_0.8.0+real5prealpha+1-15ubuntu5_amd64.deb ...
2026-10-07T14:20:39.7555651Z Unpacking libpocketsphinx3:amd64 (0.8.0+real5prealpha+1-15ubuntu5) ...
2026-10-07T14:20:39.7770019Z Selecting previously unselected package libpostproc57:amd64.
2026-10-07T14:20:39.7873595Z Preparing to unpack .../074-libpostproc57_7%3a6.1.1-3ubuntu5_amd64.deb ...
2026-10-07T14:20:39.7881106Z Unpacking libpostproc57:amd64 (7:6.1.1-3ubuntu5) ...
2026-10-07T14:20:39.8072679Z Selecting previously unselected package libsamplerate0:amd64.
2026-10-07T14:20:39.8177203Z Preparing to unpack .../075-libsamplerate0_0.2.2-4build1_amd64.deb ...
2026-10-07T14:20:39.8185272Z Unpacking libsamplerate0:amd64 (0.2.2-4build1) ...
2026-10-07T14:20:39.8409963Z Selecting previously unselected package librubberband2:amd64.
2026-10-07T14:20:39.8510360Z Preparing to unpack .../076-librubberband2_3.3.0+dfsg-2build1_amd64.deb ...
2026-10-07T14:20:39.8517839Z Unpacking librubberband2:amd64 (3.3.0+dfsg-2build1) ...
2026-10-07T14:20:39.8723178Z Selecting previously unselected package libswscale7:amd64.
2026-10-07T14:20:39.8824859Z Preparing to unpack .../077-libswscale7_7%3a6.1.1-3ubuntu5_amd64.deb ...
2026-10-07T14:20:39.8833131Z Unpacking libswscale7:amd64 (7:6.1.1-3ubuntu5) ...
2026-10-07T14:20:39.9129739Z Selecting previously unselected package libvidstab1.1:amd64.
2026-10-07T14:20:39.9230548Z Preparing to unpack .../078-libvidstab1.1_1.1.0-2build1_amd64.deb ...
2026-10-07T14:20:39.9237646Z Unpacking libvidstab1.1:amd64 (1.1.0-2build1) ...
2026-10-07T14:20:39.9429856Z Selecting previously unselected package libzimg2:amd64.
2026-10-07T14:20:39.9532364Z Preparing to unpack .../079-libzimg2_3.0.5+ds1-1build1_amd64.deb ...
2026-10-07T14:20:39.9620063Z Unpacking libzimg2:amd64 (3.0.5+ds1-1build1) ...
2026-10-07T14:20:39.9833493Z Selecting previously unselected package libavfilter9:amd64.
2026-10-07T14:20:39.9933884Z Preparing to unpack .../080-libavfilter9_7%3a6.1.1-3ubuntu5_amd64.deb ...
2026-10-07T14:20:39.9942352Z Unpacking libavfilter9:amd64 (7:6.1.1-3ubuntu5) ...
2026-10-07T14:20:40.1593861Z Selecting previously unselected package liborc-0.4-0t64:amd64.
2026-10-07T14:20:40.1701232Z Preparing to unpack .../081-liborc-0.4-0t64_1%3a0.4.38-1ubuntu0.1_amd64.deb ...
2026-10-07T14:20:40.1707962Z Unpacking liborc-0.4-0t64:amd64 (1:0.4.38-1ubuntu0.1) ...
2026-10-07T14:20:40.1927751Z Selecting previously unselected package libgstreamer-plugins-base1.0-0:amd64.
2026-10-07T14:20:40.2033696Z Preparing to unpack .../082-libgstreamer-plugins-base1.0-0_1.24.2-1ubuntu0.5_amd64.deb ...
2026-10-07T14:20:40.2043074Z Unpacking libgstreamer-plugins-base1.0-0:amd64 (1.24.2-1ubuntu0.5) ...
2026-10-07T14:20:40.2348368Z Selecting previously unselected package gstreamer1.0-libav:amd64.
2026-10-07T14:20:40.2451938Z Preparing to unpack .../083-gstreamer1.0-libav_1.24.1-1build1_amd64.deb ...
2026-10-07T14:20:40.2458328Z Unpacking gstreamer1.0-libav:amd64 (1.24.1-1build1) ...
2026-10-07T14:20:40.2820763Z Selecting previously unselected package libcdparanoia0:amd64.
2026-10-07T14:20:40.2924008Z Preparing to unpack .../084-libcdparanoia0_3.10.2+debian-14build3_amd64.deb ...
2026-10-07T14:20:40.2931329Z Unpacking libcdparanoia0:amd64 (3.10.2+debian-14build3) ...
2026-10-07T14:20:40.3186179Z Selecting previously unselected package libvisual-0.4-0:amd64.
2026-10-07T14:20:40.3310599Z Preparing to unpack .../085-libvisual-0.4-0_0.4.2-2build1_amd64.deb ...
2026-10-07T14:20:40.3319414Z Unpacking libvisual-0.4-0:amd64 (0.4.2-2build1) ...
2026-10-07T14:20:40.3607925Z Selecting previously unselected package gstreamer1.0-plugins-base:amd64.
2026-10-07T14:20:40.3839554Z Preparing to unpack .../086-gstreamer1.0-plugins-base_1.24.2-1ubuntu0.5_amd64.deb ...
2026-10-07T14:20:40.3856169Z Unpacking gstreamer1.0-plugins-base:amd64 (1.24.2-1ubuntu0.5) ...
2026-10-07T14:20:40.4258373Z Selecting previously unselected package libaa1:amd64.
2026-10-07T14:20:40.4371409Z Preparing to unpack .../087-libaa1_1.4p5-51.1_amd64.deb ...
2026-10-07T14:20:40.4378932Z Unpacking libaa1:amd64 (1.4p5-51.1) ...
2026-10-07T14:20:40.4588023Z Selecting previously unselected package libraw1394-11:amd64.
2026-10-07T14:20:40.4697881Z Preparing to unpack .../088-libraw1394-11_2.1.2-2build3_amd64.deb ...
2026-10-07T14:20:40.4707611Z Unpacking libraw1394-11:amd64 (2.1.2-2build3) ...
2026-10-07T14:20:40.5000256Z Selecting previously unselected package libavc1394-0:amd64.
2026-10-07T14:20:40.5122136Z Preparing to unpack .../089-libavc1394-0_0.5.4-5build3_amd64.deb ...
2026-10-07T14:20:40.5131383Z Unpacking libavc1394-0:amd64 (0.5.4-5build3) ...
2026-10-07T14:20:40.5397873Z Selecting previously unselected package libcaca0:amd64.
2026-10-07T14:20:40.5545433Z Preparing to unpack .../090-libcaca0_0.99.beta20-4ubuntu0.2_amd64.deb ...
2026-10-07T14:20:40.5569094Z Unpacking libcaca0:amd64 (0.99.beta20-4ubuntu0.2) ...
2026-10-07T14:20:40.5997477Z Selecting previously unselected package libdv4t64:amd64.
2026-10-07T14:20:40.6113100Z Preparing to unpack .../091-libdv4t64_1.0.0-17.1build1_amd64.deb ...
2026-10-07T14:20:40.6120916Z Unpacking libdv4t64:amd64 (1.0.0-17.1build1) ...
2026-10-07T14:20:40.6427620Z Selecting previously unselected package libgstreamer-plugins-good1.0-0:amd64.
2026-10-07T14:20:40.6536066Z Preparing to unpack .../092-libgstreamer-plugins-good1.0-0_1.24.2-1ubuntu1.8_amd64.deb ...
2026-10-07T14:20:40.6544145Z Unpacking libgstreamer-plugins-good1.0-0:amd64 (1.24.2-1ubuntu1.8) ...
2026-10-07T14:20:40.6765539Z Selecting previously unselected package libiec61883-0:amd64.
2026-10-07T14:20:40.6876342Z Preparing to unpack .../093-libiec61883-0_1.2.0-6build1_amd64.deb ...
2026-10-07T14:20:40.6884320Z Unpacking libiec61883-0:amd64 (1.2.0-6build1) ...
2026-10-07T14:20:40.7097544Z Selecting previously unselected package libshout3:amd64.
2026-10-07T14:20:40.7204658Z Preparing to unpack .../094-libshout3_2.4.6-1build2_amd64.deb ...
2026-10-07T14:20:40.7213783Z Unpacking libshout3:amd64 (2.4.6-1build2) ...
2026-10-07T14:20:40.7424155Z Selecting previously unselected package libtag1v5-vanilla:amd64.
2026-10-07T14:20:40.7528887Z Preparing to unpack .../095-libtag1v5-vanilla_1.13.1-1build1_amd64.deb ...
2026-10-07T14:20:40.7536311Z Unpacking libtag1v5-vanilla:amd64 (1.13.1-1build1) ...
2026-10-07T14:20:40.7772976Z Selecting previously unselected package libtag1v5:amd64.
2026-10-07T14:20:40.7881148Z Preparing to unpack .../096-libtag1v5_1.13.1-1build1_amd64.deb ...
2026-10-07T14:20:40.7888758Z Unpacking libtag1v5:amd64 (1.13.1-1build1) ...
2026-10-07T14:20:40.8091060Z Selecting previously unselected package libv4lconvert0t64:amd64.
2026-10-07T14:20:40.8200697Z Preparing to unpack .../097-libv4lconvert0t64_1.26.1-4build3_amd64.deb ...
2026-10-07T14:20:40.8213135Z Unpacking libv4lconvert0t64:amd64 (1.26.1-4build3) ...
2026-10-07T14:20:40.8432800Z Selecting previously unselected package libv4l-0t64:amd64.
2026-10-07T14:20:40.8540358Z Preparing to unpack .../098-libv4l-0t64_1.26.1-4build3_amd64.deb ...
2026-10-07T14:20:40.8547601Z Unpacking libv4l-0t64:amd64 (1.26.1-4build3) ...
2026-10-07T14:20:40.8901158Z Selecting previously unselected package libwavpack1:amd64.
2026-10-07T14:20:40.9004711Z Preparing to unpack .../099-libwavpack1_5.6.0-1build1_amd64.deb ...
2026-10-07T14:20:40.9012761Z Unpacking libwavpack1:amd64 (5.6.0-1build1) ...
2026-10-07T14:20:40.9207297Z Selecting previously unselected package libsoup-3.0-common.
2026-10-07T14:20:40.9310888Z Preparing to unpack .../100-libsoup-3.0-common_3.4.4-5ubuntu0.9_all.deb ...
2026-10-07T14:20:40.9318064Z Unpacking libsoup-3.0-common (3.4.4-5ubuntu0.9) ...
2026-10-07T14:20:40.9511000Z Selecting previously unselected package libsoup-3.0-0:amd64.
2026-10-07T14:20:40.9614826Z Preparing to unpack .../101-libsoup-3.0-0_3.4.4-5ubuntu0.9_amd64.deb ...
2026-10-07T14:20:40.9622044Z Unpacking libsoup-3.0-0:amd64 (3.4.4-5ubuntu0.9) ...
2026-10-07T14:20:40.9833544Z Selecting previously unselected package gstreamer1.0-plugins-good:amd64.
2026-10-07T14:20:40.9935309Z Preparing to unpack .../102-gstreamer1.0-plugins-good_1.24.2-1ubuntu1.8_amd64.deb ...
2026-10-07T14:20:40.9941108Z Unpacking gstreamer1.0-plugins-good:amd64 (1.24.2-1ubuntu1.8) ...
2026-10-07T14:20:41.0584519Z Selecting previously unselected package libabsl20220623t64:amd64.
2026-10-07T14:20:41.0693262Z Preparing to unpack .../103-libabsl20220623t64_20220623.1-3.1ubuntu3.2_amd64.deb ...
2026-10-07T14:20:41.0700381Z Unpacking libabsl20220623t64:amd64 (20220623.1-3.1ubuntu3.2) ...
2026-10-07T14:20:41.1052971Z Selecting previously unselected package libgav1-1:amd64.
2026-10-07T14:20:41.1156781Z Preparing to unpack .../104-libgav1-1_0.18.0-1build3_amd64.deb ...
2026-10-07T14:20:41.1163935Z Unpacking libgav1-1:amd64 (0.18.0-1build3) ...
2026-10-07T14:20:41.1386373Z Selecting previously unselected package libyuv0:amd64.
2026-10-07T14:20:41.1491626Z Preparing to unpack .../105-libyuv0_0.0~git202401110.af6ac82-1_amd64.deb ...
2026-10-07T14:20:41.1499111Z Unpacking libyuv0:amd64 (0.0~git202401110.af6ac82-1) ...
2026-10-07T14:20:41.1987797Z Selecting previously unselected package libavif16:amd64.
2026-10-07T14:20:41.2138872Z Preparing to unpack .../106-libavif16_1.0.4-1ubuntu3_amd64.deb ...
2026-10-07T14:20:41.2175323Z Unpacking libavif16:amd64 (1.0.4-1ubuntu3) ...
2026-10-07T14:20:41.2481728Z Selecting previously unselected package libavtp0:amd64.
2026-10-07T14:20:41.2700113Z Preparing to unpack .../107-libavtp0_0.2.0-1build1_amd64.deb ...
2026-10-07T14:20:41.2711615Z Unpacking libavtp0:amd64 (0.2.0-1build1) ...
2026-10-07T14:20:41.2911228Z Selecting previously unselected package libcairo-script-interpreter2:amd64.
2026-10-07T14:20:41.3020305Z Preparing to unpack .../108-libcairo-script-interpreter2_1.18.0-3build1_amd64.deb ...
2026-10-07T14:20:41.3030545Z Unpacking libcairo-script-interpreter2:amd64 (1.18.0-3build1) ...
2026-10-07T14:20:41.3238472Z Selecting previously unselected package libdc1394-25:amd64.
2026-10-07T14:20:41.3345059Z Preparing to unpack .../109-libdc1394-25_2.2.6-4build1_amd64.deb ...
2026-10-07T14:20:41.3354723Z Unpacking libdc1394-25:amd64 (2.2.6-4build1) ...
2026-10-07T14:20:41.3556232Z Selecting previously unselected package libde265-0:amd64.
2026-10-07T14:20:41.3674461Z Preparing to unpack .../110-libde265-0_1.0.15-1ubuntu0.1_amd64.deb ...
2026-10-07T14:20:41.3682933Z Unpacking libde265-0:amd64 (1.0.15-1ubuntu0.1) ...
2026-10-07T14:20:41.3906240Z Selecting previously unselected package libdecor-0-0:amd64.
2026-10-07T14:20:41.4012041Z Preparing to unpack .../111-libdecor-0-0_0.2.2-1build2_amd64.deb ...
2026-10-07T14:20:41.4019019Z Unpacking libdecor-0-0:amd64 (0.2.2-1build2) ...
2026-10-07T14:20:41.4209836Z Selecting previously unselected package libgles2:amd64.
2026-10-07T14:20:41.4312793Z Preparing to unpack .../112-libgles2_1.7.0-1build1_amd64.deb ...
2026-10-07T14:20:41.4320233Z Unpacking libgles2:amd64 (1.7.0-1build1) ...
2026-10-07T14:20:41.4527608Z Selecting previously unselected package libdirectfb-1.7-7t64:amd64.
2026-10-07T14:20:41.4631748Z Preparing to unpack .../113-libdirectfb-1.7-7t64_1.7.7-11.1ubuntu2_amd64.deb ...
2026-10-07T14:20:41.4642464Z Unpacking libdirectfb-1.7-7t64:amd64 (1.7.7-11.1ubuntu2) ...
2026-10-07T14:20:41.5233977Z Selecting previously unselected package libdvdread8t64:amd64.
2026-10-07T14:20:41.5339849Z Preparing to unpack .../114-libdvdread8t64_6.1.3-1.1build1_amd64.deb ...
2026-10-07T14:20:41.5347203Z Unpacking libdvdread8t64:amd64 (6.1.3-1.1build1) ...
2026-10-07T14:20:41.5550925Z Selecting previously unselected package libdvdnav4:amd64.
2026-10-07T14:20:41.5654084Z Preparing to unpack .../115-libdvdnav4_6.1.1-3build1_amd64.deb ...
2026-10-07T14:20:41.5663750Z Unpacking libdvdnav4:amd64 (6.1.1-3build1) ...
2026-10-07T14:20:41.5973427Z Preparing to unpack .../116-libgl1-mesa-dri_25.2.8-0ubuntu0.24.04.4_amd64.deb ...
2026-10-07T14:20:41.6108600Z Unpacking libgl1-mesa-dri:amd64 (25.2.8-0ubuntu0.24.04.4) over (25.2.8-0ubuntu0.24.04.2) ...
2026-10-07T14:20:41.6565785Z Preparing to unpack .../117-libglx-mesa0_25.2.8-0ubuntu0.24.04.4_amd64.deb ...
2026-10-07T14:20:41.6589967Z Unpacking libglx-mesa0:amd64 (25.2.8-0ubuntu0.24.04.4) over (25.2.8-0ubuntu0.24.04.2) ...
2026-10-07T14:20:41.6940524Z Preparing to unpack .../118-libgbm1_25.2.8-0ubuntu0.24.04.4_amd64.deb ...
2026-10-07T14:20:41.6961454Z Unpacking libgbm1:amd64 (25.2.8-0ubuntu0.24.04.4) over (25.2.8-0ubuntu0.24.04.2) ...
2026-10-07T14:20:41.7310287Z Preparing to unpack .../119-mesa-libgallium_25.2.8-0ubuntu0.24.04.4_amd64.deb ...
2026-10-07T14:20:41.7332834Z Unpacking mesa-libgallium:amd64 (25.2.8-0ubuntu0.24.04.4) over (25.2.8-0ubuntu0.24.04.2) ...
2026-10-07T14:20:42.0987608Z Selecting previously unselected package libegl-mesa0:amd64.
2026-10-07T14:20:42.1092318Z Preparing to unpack .../120-libegl-mesa0_25.2.8-0ubuntu0.24.04.4_amd64.deb ...
2026-10-07T14:20:42.1247446Z Unpacking libegl-mesa0:amd64 (25.2.8-0ubuntu0.24.04.4) ...
2026-10-07T14:20:42.1465748Z Selecting previously unselected package libevent-2.1-7t64:amd64.
2026-10-07T14:20:42.1572566Z Preparing to unpack .../121-libevent-2.1-7t64_2.1.12-stable-9ubuntu2.2_amd64.deb ...
2026-10-07T14:20:42.1582244Z Unpacking libevent-2.1-7t64:amd64 (2.1.12-stable-9ubuntu2.2) ...
2026-10-07T14:20:42.1893671Z Preparing to unpack .../122-libevent-pthreads-2.1-7t64_2.1.12-stable-9ubuntu2.2_amd64.deb ...
2026-10-07T14:20:42.1916642Z Unpacking libevent-pthreads-2.1-7t64:amd64 (2.1.12-stable-9ubuntu2.2) over (2.1.12-stable-9ubuntu2.1) ...
2026-10-07T14:20:42.2263283Z Preparing to unpack .../123-libevent-core-2.1-7t64_2.1.12-stable-9ubuntu2.2_amd64.deb ...
2026-10-07T14:20:42.2327191Z Unpacking libevent-core-2.1-7t64:amd64 (2.1.12-stable-9ubuntu2.2) over (2.1.12-stable-9ubuntu2.1) ...
2026-10-07T14:20:42.2555798Z Selecting previously unselected package libfaad2:amd64.
2026-10-07T14:20:42.2667068Z Preparing to unpack .../124-libfaad2_2.11.1-1build1_amd64.deb ...
2026-10-07T14:20:42.2674132Z Unpacking libfaad2:amd64 (2.11.1-1build1) ...
2026-10-07T14:20:42.2895860Z Selecting previously unselected package libinstpatch-1.0-2:amd64.
2026-10-07T14:20:42.3002605Z Preparing to unpack .../125-libinstpatch-1.0-2_1.1.6-1build2_amd64.deb ...
2026-10-07T14:20:42.3011068Z Unpacking libinstpatch-1.0-2:amd64 (1.1.6-1build2) ...
2026-10-07T14:20:42.3232932Z Selecting previously unselected package libjack-jackd2-0:amd64.
2026-10-07T14:20:42.3338289Z Preparing to unpack .../126-libjack-jackd2-0_1.9.21~dfsg-3ubuntu3_amd64.deb ...
2026-10-07T14:20:42.3345830Z Unpacking libjack-jackd2-0:amd64 (1.9.21~dfsg-3ubuntu3) ...
2026-10-07T14:20:42.3575121Z Selecting previously unselected package libwebrtc-audio-processing1:amd64.
2026-10-07T14:20:42.3677519Z Preparing to unpack .../127-libwebrtc-audio-processing1_0.3.1-0ubuntu6_amd64.deb ...
2026-10-07T14:20:42.3684527Z Unpacking libwebrtc-audio-processing1:amd64 (0.3.1-0ubuntu6) ...
2026-10-07T14:20:42.3895771Z Selecting previously unselected package libspa-0.2-modules:amd64.
2026-10-07T14:20:42.4003835Z Preparing to unpack .../128-libspa-0.2-modules_1.0.5-1ubuntu3.3_amd64.deb ...
2026-10-07T14:20:42.4012556Z Unpacking libspa-0.2-modules:amd64 (1.0.5-1ubuntu3.3) ...
2026-10-07T14:20:42.4455524Z Selecting previously unselected package libpipewire-0.3-0t64:amd64.
2026-10-07T14:20:42.4570686Z Preparing to unpack .../129-libpipewire-0.3-0t64_1.0.5-1ubuntu3.3_amd64.deb ...
2026-10-07T14:20:42.4577830Z Unpacking libpipewire-0.3-0t64:amd64 (1.0.5-1ubuntu3.3) ...
2026-10-07T14:20:42.4805231Z Selecting previously unselected package libsdl2-2.0-0:amd64.
2026-10-07T14:20:42.4907218Z Preparing to unpack .../130-libsdl2-2.0-0_2.30.0+dfsg-1ubuntu3.1_amd64.deb ...
2026-10-07T14:20:42.4914578Z Unpacking libsdl2-2.0-0:amd64 (2.30.0+dfsg-1ubuntu3.1) ...
2026-10-07T14:20:42.5165129Z Selecting previously unselected package timgm6mb-soundfont.
2026-10-07T14:20:42.5268916Z Preparing to unpack .../131-timgm6mb-soundfont_1.3-5_all.deb ...
2026-10-07T14:20:42.5276221Z Unpacking timgm6mb-soundfont (1.3-5) ...
2026-10-07T14:20:42.8368357Z Selecting previously unselected package libfluidsynth3:amd64.
2026-10-07T14:20:42.8472105Z Preparing to unpack .../132-libfluidsynth3_2.3.4-1build3_amd64.deb ...
2026-10-07T14:20:42.8479050Z Unpacking libfluidsynth3:amd64 (2.3.4-1build3) ...
2026-10-07T14:20:42.8698927Z Selecting previously unselected package libfreeaptx0:amd64.
2026-10-07T14:20:42.8803452Z Preparing to unpack .../133-libfreeaptx0_0.1.1-2build1_amd64.deb ...
2026-10-07T14:20:42.8812182Z Unpacking libfreeaptx0:amd64 (0.1.1-2build1) ...
2026-10-07T14:20:42.9012658Z Selecting previously unselected package libgraphene-1.0-0:amd64.
2026-10-07T14:20:42.9115738Z Preparing to unpack .../134-libgraphene-1.0-0_1.10.8-3build2_amd64.deb ...
2026-10-07T14:20:42.9123726Z Unpacking libgraphene-1.0-0:amd64 (1.10.8-3build2) ...
2026-10-07T14:20:42.9325103Z Selecting previously unselected package libgssdp-1.6-0:amd64.
2026-10-07T14:20:42.9433336Z Preparing to unpack .../135-libgssdp-1.6-0_1.6.3-1build3_amd64.deb ...
2026-10-07T14:20:42.9441588Z Unpacking libgssdp-1.6-0:amd64 (1.6.3-1build3) ...
2026-10-07T14:20:42.9652062Z Selecting previously unselected package libegl1:amd64.
2026-10-07T14:20:42.9756039Z Preparing to unpack .../136-libegl1_1.7.0-1build1_amd64.deb ...
2026-10-07T14:20:42.9763651Z Unpacking libegl1:amd64 (1.7.0-1build1) ...
2026-10-07T14:20:42.9971985Z Selecting previously unselected package libgstreamer-gl1.0-0:amd64.
2026-10-07T14:20:43.0078631Z Preparing to unpack .../137-libgstreamer-gl1.0-0_1.24.2-1ubuntu0.5_amd64.deb ...
2026-10-07T14:20:43.0087717Z Unpacking libgstreamer-gl1.0-0:amd64 (1.24.2-1ubuntu0.5) ...
2026-10-07T14:20:43.0296974Z Selecting previously unselected package libgtk-4-common.
2026-10-07T14:20:43.0404133Z Preparing to unpack .../138-libgtk-4-common_4.14.5+ds-0ubuntu0.10_all.deb ...
2026-10-07T14:20:43.0508419Z Unpacking libgtk-4-common (4.14.5+ds-0ubuntu0.10) ...
2026-10-07T14:20:43.1030233Z Selecting previously unselected package libgtk-4-1:amd64.
2026-10-07T14:20:43.1134774Z Preparing to unpack .../139-libgtk-4-1_4.14.5+ds-0ubuntu0.10_amd64.deb ...
2026-10-07T14:20:43.1144544Z Unpacking libgtk-4-1:amd64 (4.14.5+ds-0ubuntu0.10) ...
2026-10-07T14:20:43.2165254Z Selecting previously unselected package libgupnp-1.6-0:amd64.
2026-10-07T14:20:43.2268358Z Preparing to unpack .../140-libgupnp-1.6-0_1.6.6-1build3_amd64.deb ...
2026-10-07T14:20:43.2275620Z Unpacking libgupnp-1.6-0:amd64 (1.6.6-1build3) ...
2026-10-07T14:20:43.2478287Z Selecting previously unselected package libgupnp-igd-1.6-0:amd64.
2026-10-07T14:20:43.2579931Z Preparing to unpack .../141-libgupnp-igd-1.6-0_1.6.0-3build3_amd64.deb ...
2026-10-07T14:20:43.2589714Z Unpacking libgupnp-igd-1.6-0:amd64 (1.6.0-3build3) ...
2026-10-07T14:20:43.2783553Z Selecting previously unselected package libharfbuzz-icu0:amd64.
2026-10-07T14:20:43.2887316Z Preparing to unpack .../142-libharfbuzz-icu0_8.3.0-2build2_amd64.deb ...
2026-10-07T14:20:43.2894811Z Unpacking libharfbuzz-icu0:amd64 (8.3.0-2build2) ...
2026-10-07T14:20:43.3095592Z Selecting previously unselected package libhyphen0:amd64.
2026-10-07T14:20:43.3205101Z Preparing to unpack .../143-libhyphen0_2.8.8-7build3_amd64.deb ...
2026-10-07T14:20:43.3214951Z Unpacking libhyphen0:amd64 (2.8.8-7build3) ...
2026-10-07T14:20:43.3416513Z Selecting previously unselected package libimath-3-1-29t64:amd64.
2026-10-07T14:20:43.3521175Z Preparing to unpack .../144-libimath-3-1-29t64_3.1.9-3.1ubuntu2_amd64.deb ...
2026-10-07T14:20:43.3592486Z Unpacking libimath-3-1-29t64:amd64 (3.1.9-3.1ubuntu2) ...
2026-10-07T14:20:43.3800858Z Selecting previously unselected package liblc3-1:amd64.
2026-10-07T14:20:43.3905316Z Preparing to unpack .../145-liblc3-1_1.0.4-3build1_amd64.deb ...
2026-10-07T14:20:43.3912650Z Unpacking liblc3-1:amd64 (1.0.4-3build1) ...
2026-10-07T14:20:43.4115061Z Selecting previously unselected package libldacbt-enc2:amd64.
2026-10-07T14:20:43.4218913Z Preparing to unpack .../146-libldacbt-enc2_2.0.2.3+git20200429+ed310a0-4ubuntu2_amd64.deb ...
2026-10-07T14:20:43.4226651Z Unpacking libldacbt-enc2:amd64 (2.0.2.3+git20200429+ed310a0-4ubuntu2) ...
2026-10-07T14:20:43.4426899Z Selecting previously unselected package libraptor2-0:amd64.
2026-10-07T14:20:43.4530988Z Preparing to unpack .../147-libraptor2-0_2.0.16-3ubuntu0.1_amd64.deb ...
2026-10-07T14:20:43.4539884Z Unpacking libraptor2-0:amd64 (2.0.16-3ubuntu0.1) ...
2026-10-07T14:20:43.4747396Z Selecting previously unselected package liblrdf0:amd64.
2026-10-07T14:20:43.4852511Z Preparing to unpack .../148-liblrdf0_0.6.1-4build1_amd64.deb ...
2026-10-07T14:20:43.4862628Z Unpacking liblrdf0:amd64 (0.6.1-4build1) ...
2026-10-07T14:20:43.5069152Z Selecting previously unselected package libltc11:amd64.
2026-10-07T14:20:43.5173939Z Preparing to unpack .../149-libltc11_1.3.2-1build1_amd64.deb ...
2026-10-07T14:20:43.5184363Z Unpacking libltc11:amd64 (1.3.2-1build1) ...
2026-10-07T14:20:43.5376895Z Selecting previously unselected package libmanette-0.2-0:amd64.
2026-10-07T14:20:43.5482818Z Preparing to unpack .../150-libmanette-0.2-0_0.2.7-1build2_amd64.deb ...
2026-10-07T14:20:43.5492946Z Unpacking libmanette-0.2-0:amd64 (0.2.7-1build2) ...
2026-10-07T14:20:43.5700706Z Selecting previously unselected package libmfx1:amd64.
2026-10-07T14:20:43.5806512Z Preparing to unpack .../151-libmfx1_22.5.4-1_amd64.deb ...
2026-10-07T14:20:43.5813528Z Unpacking libmfx1:amd64 (22.5.4-1) ...
2026-10-07T14:20:43.7636307Z Selecting previously unselected package libmjpegutils-2.1-0t64:amd64.
2026-10-07T14:20:43.7737997Z Preparing to unpack .../152-libmjpegutils-2.1-0t64_1%3a2.1.0+debian-8.1build1_amd64.deb ...
2026-10-07T14:20:43.7745320Z Unpacking libmjpegutils-2.1-0t64:amd64 (1:2.1.0+debian-8.1build1) ...
2026-10-07T14:20:43.7937275Z Selecting previously unselected package libmodplug1:amd64.
2026-10-07T14:20:43.8038702Z Preparing to unpack .../153-libmodplug1_1%3a0.8.9.0-3build1_amd64.deb ...
2026-10-07T14:20:43.8046946Z Unpacking libmodplug1:amd64 (1:0.8.9.0-3build1) ...
2026-10-07T14:20:43.8253747Z Selecting previously unselected package libmpcdec6:amd64.
2026-10-07T14:20:43.8356712Z Preparing to unpack .../154-libmpcdec6_2%3a0.1~r495-2build1_amd64.deb ...
2026-10-07T14:20:43.8363622Z Unpacking libmpcdec6:amd64 (2:0.1~r495-2build1) ...
2026-10-07T14:20:43.8554887Z Selecting previously unselected package libmpeg2encpp-2.1-0t64:amd64.
2026-10-07T14:20:43.8657562Z Preparing to unpack .../155-libmpeg2encpp-2.1-0t64_1%3a2.1.0+debian-8.1build1_amd64.deb ...
2026-10-07T14:20:43.8665000Z Unpacking libmpeg2encpp-2.1-0t64:amd64 (1:2.1.0+debian-8.1build1) ...
2026-10-07T14:20:43.8860986Z Selecting previously unselected package libmplex2-2.1-0t64:amd64.
2026-10-07T14:20:43.8963848Z Preparing to unpack .../156-libmplex2-2.1-0t64_1%3a2.1.0+debian-8.1build1_amd64.deb ...
2026-10-07T14:20:43.8971147Z Unpacking libmplex2-2.1-0t64:amd64 (1:2.1.0+debian-8.1build1) ...
2026-10-07T14:20:43.9169040Z Selecting previously unselected package libneon27t64:amd64.
2026-10-07T14:20:43.9271327Z Preparing to unpack .../157-libneon27t64_0.33.0-1.1build3_amd64.deb ...
2026-10-07T14:20:43.9279494Z Unpacking libneon27t64:amd64 (0.33.0-1.1build3) ...
2026-10-07T14:20:43.9866191Z Selecting previously unselected package libnice10:amd64.
2026-10-07T14:20:43.9968293Z Preparing to unpack .../158-libnice10_0.1.21-2build3_amd64.deb ...
2026-10-07T14:20:43.9975099Z Unpacking libnice10:amd64 (0.1.21-2build3) ...
2026-10-07T14:20:44.0173394Z Selecting previously unselected package libopenal-data.
2026-10-07T14:20:44.0275557Z Preparing to unpack .../159-libopenal-data_1%3a1.23.1-4build1_all.deb ...
2026-10-07T14:20:44.0282043Z Unpacking libopenal-data (1:1.23.1-4build1) ...
2026-10-07T14:20:44.0583805Z Selecting previously unselected package libopenexr-3-1-30:amd64.
2026-10-07T14:20:44.0690189Z Preparing to unpack .../160-libopenexr-3-1-30_3.1.5-5.1build3_amd64.deb ...
2026-10-07T14:20:44.0698244Z Unpacking libopenexr-3-1-30:amd64 (3.1.5-5.1build3) ...
2026-10-07T14:20:44.1153812Z Selecting previously unselected package libopenh264-7:amd64.
2026-10-07T14:20:44.1255125Z Preparing to unpack .../161-libopenh264-7_2.4.1+dfsg-1_amd64.deb ...
2026-10-07T14:20:44.1262593Z Unpacking libopenh264-7:amd64 (2.4.1+dfsg-1) ...
2026-10-07T14:20:44.1493486Z Selecting previously unselected package libopenni2-0:amd64.
2026-10-07T14:20:44.1599921Z Preparing to unpack .../162-libopenni2-0_2.2.0.33+dfsg-18_amd64.deb ...
2026-10-07T14:20:44.1635577Z Unpacking libopenni2-0:amd64 (2.2.0.33+dfsg-18) ...
2026-10-07T14:20:44.1879954Z Selecting previously unselected package libqrencode4:amd64.
2026-10-07T14:20:44.1982909Z Preparing to unpack .../163-libqrencode4_4.1.1-1build2_amd64.deb ...
2026-10-07T14:20:44.1993035Z Unpacking libqrencode4:amd64 (4.1.1-1build2) ...
2026-10-07T14:20:44.2182117Z Selecting previously unselected package libsecret-common.
2026-10-07T14:20:44.2289488Z Preparing to unpack .../164-libsecret-common_0.21.4-1build3_all.deb ...
2026-10-07T14:20:44.2299986Z Unpacking libsecret-common (0.21.4-1build3) ...
2026-10-07T14:20:44.2497535Z Selecting previously unselected package libsecret-1-0:amd64.
2026-10-07T14:20:44.2605377Z Preparing to unpack .../165-libsecret-1-0_0.21.4-1build3_amd64.deb ...
2026-10-07T14:20:44.2612775Z Unpacking libsecret-1-0:amd64 (0.21.4-1build3) ...
2026-10-07T14:20:44.2820348Z Selecting previously unselected package libsndio7.0:amd64.
2026-10-07T14:20:44.2921247Z Preparing to unpack .../166-libsndio7.0_1.9.0-0.3build3_amd64.deb ...
2026-10-07T14:20:44.2931124Z Unpacking libsndio7.0:amd64 (1.9.0-0.3build3) ...
2026-10-07T14:20:44.3199430Z Selecting previously unselected package libsoundtouch1:amd64.
2026-10-07T14:20:44.3301265Z Preparing to unpack .../167-libsoundtouch1_2.3.2+ds1-1build1_amd64.deb ...
2026-10-07T14:20:44.3307731Z Unpacking libsoundtouch1:amd64 (2.3.2+ds1-1build1) ...
2026-10-07T14:20:44.3631929Z Selecting previously unselected package libspandsp2t64:amd64.
2026-10-07T14:20:44.3732323Z Preparing to unpack .../168-libspandsp2t64_0.0.6+dfsg-2.1build1_amd64.deb ...
2026-10-07T14:20:44.3739924Z Unpacking libspandsp2t64:amd64 (0.0.6+dfsg-2.1build1) ...
2026-10-07T14:20:44.3967517Z Selecting previously unselected package libsrtp2-1:amd64.
2026-10-07T14:20:44.4070174Z Preparing to unpack .../169-libsrtp2-1_2.5.0-3build1_amd64.deb ...
2026-10-07T14:20:44.4081013Z Unpacking libsrtp2-1:amd64 (2.5.0-3build1) ...
2026-10-07T14:20:44.4278787Z Selecting previously unselected package libwayland-server0:amd64.
2026-10-07T14:20:44.4384370Z Preparing to unpack .../170-libwayland-server0_1.22.0-2.1build1_amd64.deb ...
2026-10-07T14:20:44.4394191Z Unpacking libwayland-server0:amd64 (1.22.0-2.1build1) ...
2026-10-07T14:20:44.4599175Z Selecting previously unselected package libwildmidi2:amd64.
2026-10-07T14:20:44.4701352Z Preparing to unpack .../171-libwildmidi2_0.4.3-1build3_amd64.deb ...
2026-10-07T14:20:44.4711025Z Unpacking libwildmidi2:amd64 (0.4.3-1build3) ...
2026-10-07T14:20:44.4930805Z Selecting previously unselected package libwoff1:amd64.
2026-10-07T14:20:44.5038484Z Preparing to unpack .../172-libwoff1_1.0.2-2build1_amd64.deb ...
2026-10-07T14:20:44.5045268Z Unpacking libwoff1:amd64 (1.0.2-2build1) ...
2026-10-07T14:20:44.5241195Z Selecting previously unselected package libxcb-xkb1:amd64.
2026-10-07T14:20:44.5344161Z Preparing to unpack .../173-libxcb-xkb1_1.15-1ubuntu2_amd64.deb ...
2026-10-07T14:20:44.5352388Z Unpacking libxcb-xkb1:amd64 (1.15-1ubuntu2) ...
2026-10-07T14:20:44.5601452Z Selecting previously unselected package libxkbcommon-x11-0:amd64.
2026-10-07T14:20:44.5709110Z Preparing to unpack .../174-libxkbcommon-x11-0_1.6.0-1build1_amd64.deb ...
2026-10-07T14:20:44.5719921Z Unpacking libxkbcommon-x11-0:amd64 (1.6.0-1build1) ...
2026-10-07T14:20:44.5922280Z Selecting previously unselected package libzbar0t64:amd64.
2026-10-07T14:20:44.6027863Z Preparing to unpack .../175-libzbar0t64_0.23.93-4build3_amd64.deb ...
2026-10-07T14:20:44.6035045Z Unpacking libzbar0t64:amd64 (0.23.93-4build3) ...
2026-10-07T14:20:44.6269294Z Selecting previously unselected package libzxing3:amd64.
2026-10-07T14:20:44.6374779Z Preparing to unpack .../176-libzxing3_2.2.1-3_amd64.deb ...
2026-10-07T14:20:44.6381918Z Unpacking libzxing3:amd64 (2.2.1-3) ...
2026-10-07T14:20:44.6779095Z Selecting previously unselected package xfonts-encodings.
2026-10-07T14:20:44.6883832Z Preparing to unpack .../177-xfonts-encodings_1%3a1.0.5-0ubuntu2_all.deb ...
2026-10-07T14:20:44.6890314Z Unpacking xfonts-encodings (1:1.0.5-0ubuntu2) ...
2026-10-07T14:20:44.7557429Z Selecting previously unselected package xfonts-utils.
2026-10-07T14:20:44.7668907Z Preparing to unpack .../178-xfonts-utils_1%3a7.7+6build3_amd64.deb ...
2026-10-07T14:20:44.7677364Z Unpacking xfonts-utils (1:7.7+6build3) ...
2026-10-07T14:20:44.7983777Z Selecting previously unselected package xfonts-cyrillic.
2026-10-07T14:20:44.8085944Z Preparing to unpack .../179-xfonts-cyrillic_1%3a1.0.5+nmu1_all.deb ...
2026-10-07T14:20:44.8094007Z Unpacking xfonts-cyrillic (1:1.0.5+nmu1) ...
2026-10-07T14:20:44.8379511Z Selecting previously unselected package xfonts-scalable.
2026-10-07T14:20:44.8482462Z Preparing to unpack .../180-xfonts-scalable_1%3a1.0.3-1.3_all.deb ...
2026-10-07T14:20:44.8489494Z Unpacking xfonts-scalable (1:1.0.3-1.3) ...
2026-10-07T14:20:44.8712125Z Selecting previously unselected package libgstreamer-plugins-bad1.0-0:amd64.
2026-10-07T14:20:44.8821984Z Preparing to unpack .../181-libgstreamer-plugins-bad1.0-0_1.24.2-1ubuntu4_amd64.deb ...
2026-10-07T14:20:44.9231247Z Unpacking libgstreamer-plugins-bad1.0-0:amd64 (1.24.2-1ubuntu4) ...
2026-10-07T14:20:45.1805280Z Selecting previously unselected package libdca0:amd64.
2026-10-07T14:20:45.1909819Z Preparing to unpack .../182-libdca0_0.0.7-2build1_amd64.deb ...
2026-10-07T14:20:45.1917629Z Unpacking libdca0:amd64 (0.0.7-2build1) ...
2026-10-07T14:20:45.2116663Z Selecting previously unselected package libopenal1:amd64.
2026-10-07T14:20:45.2223400Z Preparing to unpack .../183-libopenal1_1%3a1.23.1-4build1_amd64.deb ...
2026-10-07T14:20:45.2230645Z Unpacking libopenal1:amd64 (1:1.23.1-4build1) ...
2026-10-07T14:20:45.2458990Z Selecting previously unselected package libsbc1:amd64.
2026-10-07T14:20:45.2562838Z Preparing to unpack .../184-libsbc1_2.0-1build1_amd64.deb ...
2026-10-07T14:20:45.2569425Z Unpacking libsbc1:amd64 (2.0-1build1) ...
2026-10-07T14:20:45.2765482Z Selecting previously unselected package libvo-aacenc0:amd64.
2026-10-07T14:20:45.2871472Z Preparing to unpack .../185-libvo-aacenc0_0.1.3-2build1_amd64.deb ...
2026-10-07T14:20:45.2878592Z Unpacking libvo-aacenc0:amd64 (0.1.3-2build1) ...
2026-10-07T14:20:45.3080480Z Selecting previously unselected package libvo-amrwbenc0:amd64.
2026-10-07T14:20:45.3185899Z Preparing to unpack .../186-libvo-amrwbenc0_0.1.3-2build1_amd64.deb ...
2026-10-07T14:20:45.3193101Z Unpacking libvo-amrwbenc0:amd64 (0.1.3-2build1) ...
2026-10-07T14:20:45.3568031Z Selecting previously unselected package gstreamer1.0-plugins-bad:amd64.
2026-10-07T14:20:45.3675984Z Preparing to unpack .../187-gstreamer1.0-plugins-bad_1.24.2-1ubuntu4_amd64.deb ...
2026-10-07T14:20:45.3683267Z Unpacking gstreamer1.0-plugins-bad:amd64 (1.24.2-1ubuntu4) ...
2026-10-07T14:20:45.5374645Z Setting up libgme0:amd64 (0.6.3-7build1) ...
2026-10-07T14:20:45.5392424Z Setting up libchromaprint1:amd64 (1.5.1-5) ...
2026-10-07T14:20:45.5407080Z Setting up libssh-gcrypt-4:amd64 (0.10.6-2ubuntu0.5) ...
2026-10-07T14:20:45.5424262Z Setting up libhwy1t64:amd64 (1.0.7-8.1build1) ...
2026-10-07T14:20:45.5441499Z Setting up libfreeaptx0:amd64 (0.1.1-2build1) ...
2026-10-07T14:20:45.5455867Z Setting up libdvdread8t64:amd64 (6.1.3-1.1build1) ...
2026-10-07T14:20:45.5470150Z Setting up libudfread0:amd64 (1.1.2-1build1) ...
2026-10-07T14:20:45.5484060Z Setting up libmodplug1:amd64 (1:0.8.9.0-3build1) ...
2026-10-07T14:20:45.5497765Z Setting up libcdparanoia0:amd64 (3.10.2+debian-14build3) ...
2026-10-07T14:20:45.5512276Z Setting up libwayland-server0:amd64 (1.22.0-2.1build1) ...
2026-10-07T14:20:45.5527151Z Setting up libvo-amrwbenc0:amd64 (0.1.3-2build1) ...
2026-10-07T14:20:45.5541484Z Setting up mesa-libgallium:amd64 (25.2.8-0ubuntu0.24.04.4) ...
2026-10-07T14:20:45.5555635Z Setting up session-migration (0.3.9build1) ...
2026-10-07T14:20:45.6602295Z Created symlink /etc/systemd/user/graphical-session-pre.target.wants/session-migration.service → /usr/lib/systemd/user/session-migration.service.
2026-10-07T14:20:45.6602729Z
2026-10-07T14:20:45.6630402Z Setting up libraw1394-11:amd64 (2.1.2-2build3) ...
2026-10-07T14:20:45.6645603Z Setting up libsbc1:amd64 (2.0-1build1) ...
2026-10-07T14:20:45.6660759Z Setting up libproxy1v5:amd64 (0.5.4-4build1) ...
2026-10-07T14:20:45.6676711Z Setting up libneon27t64:amd64 (0.33.0-1.1build3) ...
2026-10-07T14:20:45.6690109Z Setting up libtag1v5-vanilla:amd64 (1.13.1-1build1) ...
2026-10-07T14:20:45.6705117Z Setting up libharfbuzz-icu0:amd64 (8.3.0-2build2) ...
2026-10-07T14:20:45.6720327Z Setting up libopenni2-0:amd64 (2.2.0.33+dfsg-18) ...
2026-10-07T14:20:45.6847182Z Setting up libspeex1:amd64 (1.2.1-2ubuntu2.24.04.1) ...
2026-10-07T14:20:45.6862591Z Setting up libshine3:amd64 (3.1.1-2build1) ...
2026-10-07T14:20:45.6877837Z Setting up libcaca0:amd64 (0.99.beta20-4ubuntu0.2) ...
2026-10-07T14:20:45.6893008Z Setting up libvpl2 (2023.3.0-1build1) ...
2026-10-07T14:20:45.6908019Z Setting up libv4lconvert0t64:amd64 (1.26.1-4build3) ...
2026-10-07T14:20:45.6923071Z Setting up libx264-164:amd64 (2:0.164.3108+git31e19f9-1) ...
2026-10-07T14:20:45.6937895Z Setting up libtwolame0:amd64 (0.4.0-2build3) ...
2026-10-07T14:20:45.6953269Z Setting up libmbedcrypto7t64:amd64 (2.28.8-1) ...
2026-10-07T14:20:45.6968147Z Setting up libwoff1:amd64 (1.0.2-2build1) ...
2026-10-07T14:20:45.6983335Z Setting up liblc3-1:amd64 (1.0.4-3build1) ...
2026-10-07T14:20:45.6997918Z Setting up libqrencode4:amd64 (4.1.1-1build2) ...
2026-10-07T14:20:45.7012536Z Setting up libhyphen0:amd64 (2.8.8-7build3) ...
2026-10-07T14:20:45.7027388Z Setting up libgbm1:amd64 (25.2.8-0ubuntu0.24.04.4) ...
2026-10-07T14:20:45.7042960Z Setting up libgsm1:amd64 (1.0.22-1build1) ...
2026-10-07T14:20:45.7058741Z Setting up libvisual-0.4-0:amd64 (0.4.2-2build1) ...
2026-10-07T14:20:45.7073841Z Setting up libsoxr0:amd64 (0.1.3-4build3) ...
2026-10-07T14:20:45.7088486Z Setting up libzix-0-0:amd64 (0.4.2-2build1) ...
2026-10-07T14:20:45.7103748Z Setting up libcodec2-1.2:amd64 (1.2.0-2build1) ...
2026-10-07T14:20:45.7118756Z Setting up libmanette-0.2-0:amd64 (0.2.7-1build2) ...
2026-10-07T14:20:45.7133450Z Setting up libsrtp2-1:amd64 (2.5.0-3build1) ...
2026-10-07T14:20:45.7149308Z Setting up libgl1-mesa-dri:amd64 (25.2.8-0ubuntu0.24.04.4) ...
2026-10-07T14:20:45.7217886Z Setting up libmysofa1:amd64 (1.3.2+dfsg-2ubuntu2) ...
2026-10-07T14:20:45.7232632Z Setting up libraptor2-0:amd64 (2.0.16-3ubuntu0.1) ...
2026-10-07T14:20:45.7247683Z Setting up libldacbt-enc2:amd64 (2.0.2.3+git20200429+ed310a0-4ubuntu2) ...
2026-10-07T14:20:45.7264222Z Setting up fonts-wqy-zenhei (0.9.45-8) ...
2026-10-07T14:20:45.7366288Z Setting up libwebrtc-audio-processing1:amd64 (0.3.1-0ubuntu6) ...
2026-10-07T14:20:45.7381287Z Setting up fonts-freefont-ttf (20211204+svn4273-2) ...
2026-10-07T14:20:45.7396233Z Setting up libevent-2.1-7t64:amd64 (2.1.12-stable-9ubuntu2.2) ...
2026-10-07T14:20:45.7411474Z Setting up libsvtav1enc1d1:amd64 (1.7.0+dfsg-2build1) ...
2026-10-07T14:20:45.7427147Z Setting up libsoup-3.0-common (3.4.4-5ubuntu0.9) ...
2026-10-07T14:20:45.7443745Z Setting up libmpg123-0t64:amd64 (1.32.5-1ubuntu1.1) ...
2026-10-07T14:20:45.7459466Z Setting up libcjson1:amd64 (1.7.17-1) ...
2026-10-07T14:20:45.7475183Z Setting up libxvidcore4:amd64 (2:1.3.7-1build1) ...
2026-10-07T14:20:45.7490358Z Setting up libmpcdec6:amd64 (2:0.1~r495-2build1) ...
2026-10-07T14:20:45.7505044Z Setting up libmjpegutils-2.1-0t64:amd64 (1:2.1.0+debian-8.1build1) ...
2026-10-07T14:20:45.7520604Z Setting up librav1e0:amd64 (0.7.1-2) ...
2026-10-07T14:20:45.7536227Z Setting up liborc-0.4-0t64:amd64 (1:0.4.38-1ubuntu0.1) ...
2026-10-07T14:20:45.7550594Z Setting up libxcb-xkb1:amd64 (1.15-1ubuntu2) ...
2026-10-07T14:20:45.7565988Z Setting up libvo-aacenc0:amd64 (0.1.3-2build1) ...
2026-10-07T14:20:45.7581939Z Setting up librist4:amd64 (0.2.10+dfsg-2) ...
2026-10-07T14:20:45.7598140Z Setting up librsvg2-2:amd64 (2.58.0+dfsg-1ubuntu0.1) ...
2026-10-07T14:20:45.7614031Z Setting up libblas3:amd64 (3.12.0-3build1.1) ...
2026-10-07T14:20:45.7664603Z update-alternatives: using /usr/lib/x86_64-linux-gnu/blas/libblas.so.3 to provide /usr/lib/x86_64-linux-gnu/libblas.so.3 (libblas.so.3-x86_64-linux-gnu) in auto mode
2026-10-07T14:20:45.7678993Z Setting up libegl-mesa0:amd64 (25.2.8-0ubuntu0.24.04.4) ...
2026-10-07T14:20:45.7695839Z Setting up libsoundtouch1:amd64 (2.3.2+ds1-1build1) ...
2026-10-07T14:20:45.7710961Z Setting up libplacebo338:amd64 (6.338.2-2build1) ...
2026-10-07T14:20:45.7727015Z Setting up libgles2:amd64 (1.7.0-1build1) ...
2026-10-07T14:20:45.7743090Z Setting up fonts-tlwg-loma-otf (1:0.7.3-1) ...
2026-10-07T14:20:45.7760399Z Setting up libva2:amd64 (2.20.0-2ubuntu0.2) ...
2026-10-07T14:20:45.7777685Z Setting up libfreetype6:amd64 (2.13.2+dfsg-1ubuntu0.2) ...
2026-10-07T14:20:45.7794533Z Setting up libspa-0.2-modules:amd64 (1.0.5-1ubuntu3.3) ...
2026-10-07T14:20:45.7810847Z Setting up libzxing3:amd64 (2.2.1-3) ...
2026-10-07T14:20:45.7827149Z Setting up xfonts-encodings (1:1.0.5-0ubuntu2) ...
2026-10-07T14:20:45.7842596Z Setting up libopus0:amd64 (1.4-1build1) ...
2026-10-07T14:20:45.7858225Z Setting up libfaad2:amd64 (2.11.1-1build1) ...
2026-10-07T14:20:45.7874641Z Setting up libxkbcommon-x11-0:amd64 (1.6.0-1build1) ...
2026-10-07T14:20:45.7889497Z Setting up libdc1394-25:amd64 (2.2.6-4build1) ...
2026-10-07T14:20:45.7904464Z Setting up libimath-3-1-29t64:amd64 (3.1.9-3.1ubuntu2) ...
2026-10-07T14:20:45.7920695Z Setting up libunibreak5:amd64 (5.1-2build1) ...
2026-10-07T14:20:45.7936284Z Setting up libdv4t64:amd64 (1.0.0-17.1build1) ...
2026-10-07T14:20:45.7952039Z Setting up libjxl0.7:amd64 (0.7.0-10.2ubuntu6.1) ...
2026-10-07T14:20:45.7968492Z Setting up libopenh264-7:amd64 (2.4.1+dfsg-1) ...
2026-10-07T14:20:45.7985047Z Setting up libltc11:amd64 (1.3.2-1build1) ...
2026-10-07T14:20:45.8000248Z Setting up libx265-199:amd64 (3.5-2build1) ...
2026-10-07T14:20:45.8442978Z Setting up libv4l-0t64:amd64 (1.26.1-4build3) ...
2026-10-07T14:20:45.8458803Z Setting up libavtp0:amd64 (0.2.0-1build1) ...
2026-10-07T14:20:45.8474161Z Setting up libsndio7.0:amd64 (1.9.0-0.3build3) ...
2026-10-07T14:20:45.8488717Z Setting up libdirectfb-1.7-7t64:amd64 (1.7.7-11.1ubuntu2) ...
2026-10-07T14:20:45.8502716Z Setting up libspandsp2t64:amd64 (0.0.6+dfsg-2.1build1) ...
2026-10-07T14:20:45.8517980Z Setting up libvidstab1.1:amd64 (1.1.0-2build1) ...
2026-10-07T14:20:45.8531407Z Setting up libvpx9:amd64 (1.14.0-1ubuntu2.3) ...
2026-10-07T14:20:45.8546124Z Setting up libsrt1.5-gnutls:amd64 (1.5.3-1build2) ...
2026-10-07T14:20:45.8560969Z Setting up libtag1v5:amd64 (1.13.1-1build1) ...
2026-10-07T14:20:45.8574940Z Setting up libflite1:amd64 (2.2-6build3) ...
2026-10-07T14:20:45.8589766Z Setting up libdav1d7:amd64 (1.4.1-1build1) ...
2026-10-07T14:20:45.8604297Z Setting up libva-drm2:amd64 (2.20.0-2ubuntu0.2) ...
2026-10-07T14:20:45.8618707Z Setting up fonts-ipafont-gothic (00303-21ubuntu1) ...
2026-10-07T14:20:45.8676249Z update-alternatives: using /usr/share/fonts/opentype/ipafont-gothic/ipag.ttf to provide /usr/share/fonts/truetype/fonts-japanese-gothic.ttf (fonts-japanese-gothic.ttf) in auto mode
2026-10-07T14:20:45.8688912Z Setting up ocl-icd-libopencl1:amd64 (2.3.2-1build1) ...
2026-10-07T14:20:45.8704571Z Setting up libasyncns0:amd64 (0.8-6build4) ...
2026-10-07T14:20:45.8719684Z Setting up libwildmidi2:amd64 (0.4.3-1build3) ...
2026-10-07T14:20:45.8734224Z Setting up libvdpau1:amd64 (1.5-2build1) ...
2026-10-07T14:20:45.8763214Z Setting up libwavpack1:amd64 (5.6.0-1build1) ...
2026-10-07T14:20:45.8781942Z Setting up libbs2b0:amd64 (3.1.0+dfsg-7build1) ...
2026-10-07T14:20:45.8796141Z Setting up libtheora0:amd64 (1.1.1+dfsg.1-16.1build3) ...
2026-10-07T14:20:45.8810820Z Setting up libegl1:amd64 (1.7.0-1build1) ...
2026-10-07T14:20:45.8825506Z Setting up libdecor-0-0:amd64 (0.2.2-1build2) ...
2026-10-07T14:20:45.8838995Z Setting up libdca0:amd64 (0.0.7-2build1) ...
2026-10-07T14:20:45.8853427Z Setting up libzimg2:amd64 (3.0.5+ds1-1build1) ...
2026-10-07T14:20:45.8868660Z Setting up libopenal-data (1:1.23.1-4build1) ...
2026-10-07T14:20:45.8888066Z Setting up libevent-core-2.1-7t64:amd64 (2.1.12-stable-9ubuntu2.2) ...
2026-10-07T14:20:45.8902671Z Setting up libabsl20220623t64:amd64 (20220623.1-3.1ubuntu3.2) ...
2026-10-07T14:20:45.8917056Z Setting up libflac12t64:amd64 (1.4.3+ds-2.1ubuntu2) ...
2026-10-07T14:20:45.8932477Z Setting up libgtk-4-common (4.14.5+ds-0ubuntu0.10) ...
2026-10-07T14:20:45.8947070Z Setting up libmpeg2encpp-2.1-0t64:amd64 (1:2.1.0+debian-8.1build1) ...
2026-10-07T14:20:45.8962486Z Setting up glib-networking-common (2.80.0-1build1) ...
2026-10-07T14:20:45.8978042Z Setting up libmfx1:amd64 (22.5.4-1) ...
2026-10-07T14:20:45.8993154Z Setting up libbluray2:amd64 (1:1.3.4-1build1) ...
2026-10-07T14:20:45.9007027Z Setting up libde265-0:amd64 (1.0.15-1ubuntu0.1) ...
2026-10-07T14:20:45.9022013Z Setting up libsamplerate0:amd64 (0.2.2-4build1) ...
2026-10-07T14:20:45.9036145Z Setting up timgm6mb-soundfont (1.3-5) ...
2026-10-07T14:20:45.9103682Z update-alternatives: using /usr/share/sounds/sf2/TimGM6mb.sf2 to provide /usr/share/sounds/sf2/default-GM.sf2 (default-GM.sf2) in auto mode
2026-10-07T14:20:45.9138152Z update-alternatives: using /usr/share/sounds/sf2/TimGM6mb.sf2 to provide /usr/share/sounds/sf3/default-GM.sf3 (default-GM.sf3) in auto mode
2026-10-07T14:20:45.9150973Z Setting up libva-x11-2:amd64 (2.20.0-2ubuntu0.2) ...
2026-10-07T14:20:45.9166202Z Setting up libyuv0:amd64 (0.0~git202401110.af6ac82-1) ...
2026-10-07T14:20:45.9181307Z Setting up libmplex2-2.1-0t64:amd64 (1:2.1.0+debian-8.1build1) ...
2026-10-07T14:20:45.9196130Z Setting up libpipewire-0.3-0t64:amd64 (1.0.5-1ubuntu3.3) ...
2026-10-07T14:20:45.9211689Z Setting up libopenmpt0t64:amd64 (0.7.3-1.1build3) ...
2026-10-07T14:20:45.9227649Z Setting up libzvbi-common (0.2.42-2) ...
2026-10-07T14:20:45.9242210Z Setting up libsecret-common (0.21.4-1build3) ...
2026-10-07T14:20:45.9257954Z Setting up libmp3lame0:amd64 (3.100-6build1) ...
2026-10-07T14:20:45.9273015Z Setting up libgraphene-1.0-0:amd64 (1.10.8-3build2) ...
2026-10-07T14:20:45.9287988Z Setting up libvorbisenc2:amd64 (1.3.7-1build3) ...
2026-10-07T14:20:45.9303565Z Setting up libdvdnav4:amd64 (6.1.1-3build1) ...
2026-10-07T14:20:45.9317845Z Setting up fonts-unifont (1:15.1.01-1build1) ...
2026-10-07T14:20:45.9332917Z Setting up libaa1:amd64 (1.4p5-51.1) ...
2026-10-07T14:20:45.9348081Z Setting up libiec61883-0:amd64 (1.2.0-6build1) ...
2026-10-07T14:20:45.9364573Z Setting up libserd-0-0:amd64 (0.32.2-1) ...
2026-10-07T14:20:45.9580152Z Setting up libavc1394-0:amd64 (0.5.4-5build3) ...
2026-10-07T14:20:45.9596198Z Setting up libcairo-script-interpreter2:amd64 (1.18.0-3build1) ...
2026-10-07T14:20:45.9612447Z Setting up gsettings-desktop-schemas (46.1-0ubuntu1) ...
2026-10-07T14:20:45.9626559Z Setting up glib-networking-services (2.80.0-1build1) ...
2026-10-07T14:20:45.9640567Z Setting up liblapack3:amd64 (3.12.0-3build1.1) ...
2026-10-07T14:20:45.9692793Z update-alternatives: using /usr/lib/x86_64-linux-gnu/lapack/liblapack.so.3 to provide /usr/lib/x86_64-linux-gnu/liblapack.so.3 (liblapack.so.3-x86_64-linux-gnu) in auto mode
2026-10-07T14:20:45.9706433Z Setting up libglx-mesa0:amd64 (25.2.8-0ubuntu0.24.04.4) ...
2026-10-07T14:20:45.9722813Z Setting up libzvbi0t64:amd64 (0.2.42-2) ...
2026-10-07T14:20:45.9738339Z Setting up libevent-pthreads-2.1-7t64:amd64 (2.1.12-stable-9ubuntu2.2) ...
2026-10-07T14:20:45.9753849Z Setting up liblrdf0:amd64 (0.6.1-4build1) ...
2026-10-07T14:20:45.9769405Z Setting up libzbar0t64:amd64 (0.23.93-4build3) ...
2026-10-07T14:20:45.9784411Z Setting up libgstreamer-plugins-base1.0-0:amd64 (1.24.2-1ubuntu0.5) ...
2026-10-07T14:20:45.9799689Z Setting up libavutil58:amd64 (7:6.1.1-3ubuntu5) ...
2026-10-07T14:20:45.9814762Z Setting up libopenal1:amd64 (1:1.23.1-4build1) ...
2026-10-07T14:20:45.9829903Z Setting up xfonts-utils (1:7.7+6build3) ...
2026-10-07T14:20:45.9870099Z Setting up libsecret-1-0:amd64 (0.21.4-1build3) ...
2026-10-07T14:20:45.9885074Z Setting up libgstreamer-plugins-good1.0-0:amd64 (1.24.2-1ubuntu1.8) ...
2026-10-07T14:20:45.9900559Z Setting up libgstreamer-gl1.0-0:amd64 (1.24.2-1ubuntu0.5) ...
2026-10-07T14:20:45.9916172Z Setting up gstreamer1.0-plugins-base:amd64 (1.24.2-1ubuntu0.5) ...
2026-10-07T14:20:45.9931185Z Setting up libass9:amd64 (1:0.17.1-2build1) ...
2026-10-07T14:20:45.9946396Z Setting up libswresample4:amd64 (7:6.1.1-3ubuntu5) ...
2026-10-07T14:20:45.9962300Z Setting up libopenexr-3-1-30:amd64 (3.1.5-5.1build3) ...
2026-10-07T14:20:45.9979458Z Setting up libshout3:amd64 (2.4.6-1build2) ...
2026-10-07T14:20:45.9994952Z Setting up libgav1-1:amd64 (0.18.0-1build3) ...
2026-10-07T14:20:46.0010986Z Setting up libavcodec60:amd64 (7:6.1.1-3ubuntu5) ...
2026-10-07T14:20:46.0026567Z Setting up librubberband2:amd64 (3.3.0+dfsg-2build1) ...
2026-10-07T14:20:46.0042175Z Setting up libjack-jackd2-0:amd64 (1.9.21~dfsg-3ubuntu3) ...
2026-10-07T14:20:46.0059963Z Setting up libsord-0-0:amd64 (0.16.16-2build1) ...
2026-10-07T14:20:46.0075102Z Setting up xfonts-cyrillic (1:1.0.5+nmu1) ...
2026-10-07T14:20:46.0319245Z Setting up libpostproc57:amd64 (7:6.1.1-3ubuntu5) ...
2026-10-07T14:20:46.0335811Z Setting up libsratom-0-0:amd64 (0.6.16-1build1) ...
2026-10-07T14:20:46.0353948Z Setting up libsndfile1:amd64 (1.2.2-1ubuntu5.24.04.1) ...
2026-10-07T14:20:46.0814219Z Setting up liblilv-0-0:amd64 (0.24.22-1build1) ...
2026-10-07T14:20:46.0830274Z Setting up libinstpatch-1.0-2:amd64 (1.1.6-1build2) ...
2026-10-07T14:20:46.0846239Z Setting up xfonts-scalable (1:1.0.3-1.3) ...
2026-10-07T14:20:46.1071301Z Setting up libswscale7:amd64 (7:6.1.1-3ubuntu5) ...
2026-10-07T14:20:46.1086828Z Setting up libavif16:amd64 (1.0.4-1ubuntu3) ...
2026-10-07T14:20:46.1102163Z Setting up libpulse0:amd64 (1:16.1+dfsg1-2ubuntu10.1) ...
2026-10-07T14:20:46.1159524Z Setting up libavformat60:amd64 (7:6.1.1-3ubuntu5) ...
2026-10-07T14:20:46.1174449Z Setting up libsphinxbase3t64:amd64 (0.8+5prealpha+1-17build2) ...
2026-10-07T14:20:46.1189761Z Setting up libsdl2-2.0-0:amd64 (2.30.0+dfsg-1ubuntu3.1) ...
2026-10-07T14:20:46.1204388Z Setting up libfluidsynth3:amd64 (2.3.4-1build3) ...
2026-10-07T14:20:46.1220054Z Setting up libpocketsphinx3:amd64 (0.8.0+real5prealpha+1-15ubuntu5) ...
2026-10-07T14:20:46.1235642Z Setting up libavfilter9:amd64 (7:6.1.1-3ubuntu5) ...
2026-10-07T14:20:46.1251191Z Setting up gstreamer1.0-libav:amd64 (1.24.1-1build1) ...
2026-10-07T14:20:46.1482172Z Processing triggers for fontconfig (2.15.0-1.1ubuntu2) ...
2026-10-07T14:20:46.2134482Z Processing triggers for libc-bin (2.39-0ubuntu8.9) ...
2026-10-07T14:20:46.4125627Z Processing triggers for man-db (2.12.0-4build2) ...
2026-10-07T14:20:46.4146920Z Not building database; man-db/auto-update is not 'true'.
2026-10-07T14:20:46.4169687Z Processing triggers for libglib2.0-0t64:amd64 (2.80.0-6ubuntu3.9) ...
2026-10-07T14:20:46.4653206Z Setting up libgtk-4-1:amd64 (4.14.5+ds-0ubuntu0.10) ...
2026-10-07T14:20:46.4975417Z Setting up glib-networking:amd64 (2.80.0-1build1) ...
2026-10-07T14:20:46.5001367Z Setting up libsoup-3.0-0:amd64 (3.4.4-5ubuntu0.9) ...
2026-10-07T14:20:46.5023464Z Setting up libgssdp-1.6-0:amd64 (1.6.3-1build3) ...
2026-10-07T14:20:46.5074407Z Setting up gstreamer1.0-plugins-good:amd64 (1.24.2-1ubuntu1.8) ...
2026-10-07T14:20:46.5093785Z Setting up libgupnp-1.6-0:amd64 (1.6.6-1build3) ...
2026-10-07T14:20:46.5136394Z Setting up libgupnp-igd-1.6-0:amd64 (1.6.0-3build3) ...
2026-10-07T14:20:46.5160632Z Setting up libnice10:amd64 (0.1.21-2build3) ...
2026-10-07T14:20:46.5195363Z Setting up libgstreamer-plugins-bad1.0-0:amd64 (1.24.2-1ubuntu4) ...
2026-10-07T14:20:46.5224281Z Setting up gstreamer1.0-plugins-bad:amd64 (1.24.2-1ubuntu4) ...
2026-10-07T14:20:46.5242973Z Processing triggers for libc-bin (2.39-0ubuntu8.9) ...
2026-10-07T14:20:47.0292306Z
2026-10-07T14:20:47.0292893Z Running kernel seems to be up-to-date.
2026-10-07T14:20:47.0293151Z
2026-10-07T14:20:47.0293232Z Restarting services...
2026-10-07T14:20:47.0356835Z  systemctl restart php8.3-fpm.service
2026-10-07T14:20:47.1280295Z
2026-10-07T14:20:47.1281454Z No containers need to be restarted.
2026-10-07T14:20:47.1281715Z
2026-10-07T14:20:47.1282148Z No user sessions are running outdated binaries.
2026-10-07T14:20:47.1282361Z
2026-10-07T14:20:47.1282720Z No VM guests are running outdated hypervisor (qemu) binaries on this host.
2026-10-07T14:20:48.1564701Z Downloading WebKit 26.5 (playwright webkit v2336) from https://cdn.playwright.dev/dbazure/download/playwright/builds/webkit/2336/webkit-ubuntu-24.04.zip
2026-10-07T14:20:49.0960162Z |                                                                                |   0% of 102 MiB
2026-10-07T14:20:49.2409381Z |■■■■■■■■                                                                        |  10% of 102 MiB
2026-10-07T14:20:49.2830460Z |■■■■■■■■■■■■■■■■                                                                |  20% of 102 MiB
2026-10-07T14:20:49.3262906Z |■■■■■■■■■■■■■■■■■■■■■■■■                                                        |  30% of 102 MiB
2026-10-07T14:20:49.3729702Z |■■■■■■■■■■■■■■■■■■■■■■■■■■■■■■■■                                                |  40% of 102 MiB
2026-10-07T14:20:49.4175315Z |■■■■■■■■■■■■■■■■■■■■■■■■■■■■■■■■■■■■■■■■                                        |  50% of 102 MiB
2026-10-07T14:20:49.4554262Z |■■■■■■■■■■■■■■■■■■■■■■■■■■■■■■■■■■■■■■■■■■■■■■■■                                |  60% of 102 MiB
2026-10-07T14:20:49.4985955Z |■■■■■■■■■■■■■■■■■■■■■■■■■■■■■■■■■■■■■■■■■■■■■■■■■■■■■■■■                        |  70% of 102 MiB
2026-10-07T14:20:49.5394738Z |■■■■■■■■■■■■■■■■■■■■■■■■■■■■■■■■■■■■■■■■■■■■■■■■■■■■■■■■■■■■■■■■                |  80% of 102 MiB
2026-10-07T14:20:49.5763315Z |■■■■■■■■■■■■■■■■■■■■■■■■■■■■■■■■■■■■■■■■■■■■■■■■■■■■■■■■■■■■■■■■■■■■■■■■        |  90% of 102 MiB
2026-10-07T14:20:49.6183503Z |■■■■■■■■■■■■■■■■■■■■■■■■■■■■■■■■■■■■■■■■■■■■■■■■■■■■■■■■■■■■■■■■■■■■■■■■■■■■■■■■| 100% of 102 MiB
2026-10-07T14:20:50.8068699Z WebKit 26.5 (playwright webkit v2336) downloaded to /home/runner/.cache/ms-playwright/webkit-2336
2026-10-07T14:20:50.8073789Z Downloading FFmpeg (playwright ffmpeg v1011) from https://cdn.playwright.dev/dbazure/download/playwright/builds/ffmpeg/1011/ffmpeg-linux.zip
2026-10-07T14:20:51.8119348Z |                                                                                |   0% of 2.3 MiB
2026-10-07T14:20:51.8618469Z |■■■■■■■■                                                                        |  10% of 2.3 MiB
2026-10-07T14:20:51.8914958Z |■■■■■■■■■■■■■■■■                                                                |  20% of 2.3 MiB
2026-10-07T14:20:51.9100179Z |■■■■■■■■■■■■■■■■■■■■■■■■                                                        |  30% of 2.3 MiB
2026-10-07T14:20:51.9227401Z |■■■■■■■■■■■■■■■■■■■■■■■■■■■■■■■■                                                |  40% of 2.3 MiB
2026-10-07T14:20:51.9379686Z |■■■■■■■■■■■■■■■■■■■■■■■■■■■■■■■■■■■■■■■■                                        |  50% of 2.3 MiB
2026-10-07T14:20:51.9437185Z |■■■■■■■■■■■■■■■■■■■■■■■■■■■■■■■■■■■■■■■■■■■■■■■■                                |  60% of 2.3 MiB
2026-10-07T14:20:51.9582693Z |■■■■■■■■■■■■■■■■■■■■■■■■■■■■■■■■■■■■■■■■■■■■■■■■■■■■■■■■                        |  70% of 2.3 MiB
2026-10-07T14:20:51.9629992Z |■■■■■■■■■■■■■■■■■■■■■■■■■■■■■■■■■■■■■■■■■■■■■■■■■■■■■■■■■■■■■■■■                |  80% of 2.3 MiB
2026-10-07T14:20:51.9671431Z |■■■■■■■■■■■■■■■■■■■■■■■■■■■■■■■■■■■■■■■■■■■■■■■■■■■■■■■■■■■■■■■■■■■■■■■■        |  90% of 2.3 MiB
2026-10-07T14:20:51.9808695Z |■■■■■■■■■■■■■■■■■■■■■■■■■■■■■■■■■■■■■■■■■■■■■■■■■■■■■■■■■■■■■■■■■■■■■■■■■■■■■■■■| 100% of 2.3 MiB
2026-10-07T14:20:52.0198415Z FFmpeg (playwright ffmpeg v1011) downloaded to /home/runner/.cache/ms-playwright/ffmpeg-1011
2026-10-07T14:20:52.2295963Z ##[group]Run node chart-actionability-phase-smoke.e2e.js
2026-10-07T14:20:52.2296241Z [36;1mnode chart-actionability-phase-smoke.e2e.js[0m
2026-10-07T14:20:52.2350753Z shell: /usr/bin/bash -e {0}
2026-10-07T14:20:52.2350924Z env:
2026-10-07T14:20:52.2351047Z   MEMO_NEXUS_E2E_STABLE_FRAMES:
2026-10-07T14:20:52.2351194Z ##[endgroup]
2026-10-07T14:20:55.0394906Z [ACTIONABILITY_PHASE_SMOKE] {"callId":"call@11","status":"ready","retries":0,"totalWaitMs":424.364,"phases":{"actionability":{"count":1,"totalMs":4.393,"maxMs":4.393,"averageMs":4.393,"p50Ms":4.393,"p95Ms":4.393},"stable":{"count":1,"totalMs":416,"maxMs":416,"averageMs":416,"p50Ms":416,"p95Ms":416},"scroll":{"count":1,"totalMs":0.541,"maxMs":0.541,"averageMs":0.541,"p50Ms":0.541,"p95Ms":0.541},"hitTesting":{"count":1,"totalMs":1.687,"maxMs":1.687,"averageMs":1.687,"p50Ms":1.687,"p95Ms":1.687}},"otherMs":1.743,"accountingValid":true}
2026-10-07T14:20:55.3532704Z [ACTIONABILITY_PHASE_RETRY_SMOKE] {"callId":"call@21","status":"ready","retries":3,"totalWaitMs":278.404,"phases":{"actionability":{"count":4,"totalMs":7.014,"maxMs":2.76,"averageMs":1.754,"p50Ms":1.085,"p95Ms":2.76},"stable":{"count":4,"totalMs":143,"maxMs":60,"averageMs":35.75,"p50Ms":26,"p95Ms":60},"scroll":{"count":1,"totalMs":1.167,"maxMs":1.167,"averageMs":1.167,"p50Ms":1.167,"p95Ms":1.167},"hitTesting":{"count":1,"totalMs":1.021,"maxMs":1.021,"averageMs":1.021,"p50Ms":1.021,"p95Ms":1.021}},"otherMs":126.202,"accountingValid":true}
2026-10-07T14:20:55.4093005Z ##[group]Run if [[ "$MEMO_NEXUS_E2E_CARD_CLICK_INTERNALS_REQUESTED" == "1" || "$MEMO_NEXUS_E2E_TOOLTIP_HANDLER_BOUNDARY_REQUESTED" == "1" || "$MEMO_NEXUS_E2E_TOOLTIP_CLICK_BOUNDARIES_REQUESTED" == "1" || "$MEMO_NEXUS_E2E_TOOLTIP_T0_T1_TRACE_REQUESTED" == "1" || "$MEMO_NEXUS_E2E_STABLE_FRAMES_REQUESTED" == "1" ]]; then
2026-10-07T14:20:55.4094070Z [36;1mif [[ "$MEMO_NEXUS_E2E_CARD_CLICK_INTERNALS_REQUESTED" == "1" || "$MEMO_NEXUS_E2E_TOOLTIP_HANDLER_BOUNDARY_REQUESTED" == "1" || "$MEMO_NEXUS_E2E_TOOLTIP_CLICK_BOUNDARIES_REQUESTED" == "1" || "$MEMO_NEXUS_E2E_TOOLTIP_T0_T1_TRACE_REQUESTED" == "1" || "$MEMO_NEXUS_E2E_STABLE_FRAMES_REQUESTED" == "1" ]]; then[0m
2026-10-07T14:20:55.4094691Z [36;1m  npm run test:e2e:chart -- --feature chart-tooltips[0m
2026-10-07T14:20:55.4094927Z [36;1melif [[ "$MEMO_NEXUS_E2E_COMBO_PROFILE" == "1" ]]; then[0m
2026-10-07T14:20:55.4095145Z [36;1m  npm run test:e2e:chart -- --feature chart-combo[0m
2026-10-07T14:20:55.4095322Z [36;1melse[0m
2026-10-07T14:20:55.4095484Z [36;1m  npm run test:e2e:chart:all[0m
2026-10-07T14:20:55.4095632Z [36;1mfi[0m
2026-10-07T14:20:55.4152740Z shell: /usr/bin/bash --noprofile --norc -e -o pipefail {0}
2026-10-07T14:20:55.4152975Z env:
2026-10-07T14:20:55.4153113Z   MEMO_NEXUS_E2E_BROWSER: webkit
2026-10-07T14:20:55.4153266Z   MEMO_NEXUS_E2E_COMBO_PROFILE:
2026-10-07T14:20:55.4153422Z   MEMO_NEXUS_E2E_DUAL_AXIS_PROFILE:
2026-10-07T14:20:55.4153581Z   MEMO_NEXUS_E2E_TOOLTIP_PROFILE:
2026-10-07T14:20:55.4153739Z   MEMO_NEXUS_E2E_CARD_CLICK_TRACE:
2026-10-07T14:20:55.4153898Z   MEMO_NEXUS_E2E_TOOLTIP_DIAGNOSTIC:
2026-10-07T14:20:55.4154058Z   MEMO_NEXUS_E2E_CARD_CLICK_INTERNALS:
2026-10-07T14:20:55.4154229Z   MEMO_NEXUS_E2E_CARD_CLICK_INTERNALS_REQUESTED:
2026-10-07T14:20:55.4154412Z   MEMO_NEXUS_E2E_TOOLTIP_HANDLER_BOUNDARY:
2026-10-07T14:20:55.4154600Z   MEMO_NEXUS_E2E_TOOLTIP_HANDLER_BOUNDARY_REQUESTED:
2026-10-07T14:20:55.4154788Z   MEMO_NEXUS_E2E_TOOLTIP_CLICK_BOUNDARIES:
2026-10-07T14:20:55.4154986Z   MEMO_NEXUS_E2E_TOOLTIP_CLICK_BOUNDARIES_REQUESTED:
2026-10-07T14:20:55.4155163Z   MEMO_NEXUS_E2E_TOOLTIP_T0_T1_TRACE:
2026-10-07T14:20:55.4155352Z   MEMO_NEXUS_E2E_TOOLTIP_T0_T1_TRACE_REQUESTED:
2026-10-07T14:20:55.4155527Z   MEMO_NEXUS_E2E_STABLE_FRAMES:
2026-10-07T14:20:55.4155680Z   MEMO_NEXUS_E2E_ACTIONABILITY_PHASES:
2026-10-07T14:20:55.4155846Z   MEMO_NEXUS_E2E_STABLE_FRAMES_REQUESTED:
2026-10-07T14:20:55.4156006Z ##[endgroup]
2026-10-07T14:20:55.4892223Z
2026-10-07T14:20:55.4892840Z > test:e2e:chart:all
2026-10-07T14:20:55.4893104Z > node chart-e2e-suite.js
2026-10-07T14:20:55.4893222Z
2026-10-07T14:20:55.5107888Z [START] Chart E2E script chart-block.e2e.js
2026-10-07T14:20:55.8253134Z [START] Chart E2E (webkit) > chart-create-edit-save
2026-10-07T14:20:55.8254137Z [START] Chart E2E (webkit) > chart-create-edit-save > fresh browser context and editor startup
2026-10-07T14:20:56.5274044Z [PASS] Chart E2E (webkit) > chart-create-edit-save > fresh browser context and editor startup 0.7s
2026-10-07T14:20:56.5274554Z [START] Chart E2E (webkit) > chart-create-edit-save > UI operations and assertions
2026-10-07T14:20:56.5284888Z [PASS] Chart E2E (webkit) > chart-create-edit-save > UI operations and assertions 0.0s
2026-10-07T14:20:56.5285435Z [START] Chart E2E (webkit) > chart-create-edit-save > chart-create: insert and render
2026-10-07T14:20:58.3572625Z [PASS] Chart E2E (webkit) > chart-create-edit-save > chart-create: insert and render 1.8s
2026-10-07T14:20:58.3573455Z [START] Chart E2E (webkit) > chart-create-edit-save > chart-edit: validation and type changes
2026-10-07T14:21:03.0882682Z [PASS] Chart E2E (webkit) > chart-create-edit-save > chart-edit: validation and type changes 4.7s
2026-10-07T14:21:03.0883170Z [START] Chart E2E (webkit) > chart-create-edit-save > chart-save-reload: persist and restore
2026-10-07T14:21:06.3517955Z [PASS] Chart E2E (webkit) > chart-create-edit-save > chart-save-reload: persist and restore 3.3s
2026-10-07T14:21:06.3523387Z [PASS] Chart E2E (webkit) > chart-create-edit-save 10.5s
2026-10-07T14:21:06.3524484Z [START] Chart E2E (webkit) > chart-multiple-blocks
2026-10-07T14:21:06.3525185Z [START] Chart E2E (webkit) > chart-multiple-blocks > fresh browser context and editor startup
2026-10-07T14:21:06.8819898Z [PASS] Chart E2E (webkit) > chart-multiple-blocks > fresh browser context and editor startup 0.5s
2026-10-07T14:21:06.8820927Z [START] Chart E2E (webkit) > chart-multiple-blocks > UI operations and assertions
2026-10-07T14:21:06.8821950Z [PASS] Chart E2E (webkit) > chart-multiple-blocks > UI operations and assertions 0.0s
2026-10-07T14:21:06.8822656Z [START] Chart E2E (webkit) > chart-multiple-blocks > duplicate IDs and independent editing
2026-10-07T14:21:08.2245772Z [PASS] Chart E2E (webkit) > chart-multiple-blocks > duplicate IDs and independent editing 1.3s
2026-10-07T14:21:08.2247542Z [PASS] Chart E2E (webkit) > chart-multiple-blocks 1.9s
2026-10-07T14:21:08.2247902Z [START] Chart E2E (webkit) > chart-multi-series
2026-10-07T14:21:08.2248410Z [START] Chart E2E (webkit) > chart-multi-series > fresh browser context and editor startup
2026-10-07T14:21:08.7303493Z [PASS] Chart E2E (webkit) > chart-multi-series > fresh browser context and editor startup 0.5s
2026-10-07T14:21:08.7304539Z [START] Chart E2E (webkit) > chart-multi-series > UI operations and assertions
2026-10-07T14:21:08.7321686Z [PASS] Chart E2E (webkit) > chart-multi-series > UI operations and assertions 0.0s
2026-10-07T14:21:08.7327878Z [START] Chart E2E (webkit) > chart-multi-series > legacy marker and series editing
2026-10-07T14:21:43.5812639Z Chart failure state: {"charts":[{"id":"legacy-multi","chartType":"bar","title":"月別比較","unit":"万円","items":[{"id":"jan","label":"1月"},{"id":"mar","label":"3月"},{"id":"feb","label":"2月"}],"appearance":{"color":"#2563eb","showValues":true,"showLegend":true,"barMode":"grouped","barOrientation":"vertical","showStackTotals":false,"showDataTable":false,"showPoints":true,"pieLabelMode":"percentage","pieSeriesId":"legacy-multi-series-1","pieItemColors":{"jan":"#654321","feb":"#2468ac"}},"type":"chart","schemaVersion":1,"series":[{"id":"legacy-multi-series-1","name":"売上","color":"#2563eb","values":[100,120,140]},{"id":"c1837d2e-d60b-487a-b2fe-e984efa9cada","name":"営業利益","color":"#16a34a","values":[30,38,45]},{"id":"0dcc6cbe-359f-453f-a6dc-eeeab67e218f","name":"原価","color":"#059669","values":[60,70,80]}]}],"chartStatus":["「2月」を3件目へ移動しました","",""]}
2026-10-07T14:21:43.5839458Z [FAIL] Chart E2E (webkit) > chart-multi-series > legacy marker and series editing 35.4s
2026-10-07T14:21:43.5855607Z Reproduce: npm run test:e2e:chart -- --feature chart-multi-series
2026-10-07T14:21:43.6338311Z [RESULT] Chart E2E (webkit) > chart-create-edit-save PASS 10.5s
2026-10-07T14:21:43.6338683Z [RESULT] Chart E2E (webkit) > chart-multiple-blocks PASS 1.9s
2026-10-07T14:21:43.6338965Z [RESULT] Chart E2E (webkit) > chart-multi-series FAIL 35.4s
2026-10-07T14:21:43.6339200Z [TOTAL] Chart E2E (webkit) 47.9s
2026-10-07T14:21:43.6340409Z page.waitForFunction: Timeout 30000ms exceeded.
2026-10-07T14:21:43.6340846Z     at /home/runner/work/memo/memo/chart-block.e2e.js:1617:16
2026-10-07T14:21:43.6341265Z     at async /home/runner/work/memo/memo/chart-block.e2e.js:935:9
2026-10-07T14:21:43.6343881Z     at async Object.feature (/home/runner/work/memo/memo/e2e-timing.js:33:7)
2026-10-07T14:21:43.6344212Z     at async runPageFeature (/home/runner/work/memo/memo/chart-block.e2e.js:917:5)
2026-10-07T14:21:43.6344508Z     at async /home/runner/work/memo/memo/chart-block.e2e.js:1369:5 {
2026-10-07T14:21:43.6344710Z   log: [],
2026-10-07T14:21:43.6344849Z   name: 'TimeoutError'
2026-10-07T14:21:43.6344981Z }
2026-10-07T14:21:43.6452576Z [FAIL] Chart E2E script chart-block.e2e.js: exit 1
2026-10-07T14:21:43.6465016Z [TOTAL] Chart E2E all scripts 48.1s
2026-10-07T14:21:43.6565030Z ##[error]Process completed with exit code 1.
2026-10-07T14:21:43.6682650Z Post job cleanup.
2026-10-07T14:21:43.7343268Z [command]/usr/bin/git version
2026-10-07T14:21:43.7379125Z git version 2.55.0
2026-10-07T14:21:43.7404264Z Temporarily overriding HOME='/home/runner/work/_temp/d81aa46d-e2e2-4d4b-a1e7-00c2c9065ffd' before making global git config changes
2026-10-07T14:21:43.7405274Z Adding repository directory to the temporary git global config as a safe directory
2026-10-07T14:21:43.7408005Z [command]/usr/bin/git config --global --add safe.directory /home/runner/work/memo/memo
2026-10-07T14:21:43.7440913Z Removing SSH command configuration
2026-10-07T14:21:43.7447060Z [command]/usr/bin/git config --local --name-only --get-regexp core\.sshCommand
2026-10-07T14:21:43.7480772Z [command]/usr/bin/git submodule foreach --recursive sh -c "git config --local --name-only --get-regexp 'core\.sshCommand' && git config --local --unset-all 'core.sshCommand' || :"
2026-10-07T14:21:43.7702417Z Removing HTTP extra header
2026-10-07T14:21:43.7710086Z [command]/usr/bin/git config --local --name-only --get-regexp http\.https\:\/\/github\.com\/\.extraheader
2026-10-07T14:21:43.7736464Z [command]/usr/bin/git submodule foreach --recursive sh -c "git config --local --name-only --get-regexp 'http\.https\:\/\/github\.com\/\.extraheader' && git config --local --unset-all 'http.https://github.com/.extraheader' || :"
2026-10-07T14:21:43.7947331Z Removing includeIf entries pointing to credentials config files
2026-10-07T14:21:43.7953281Z [command]/usr/bin/git config --local --name-only --get-regexp ^includeIf\.gitdir:
2026-10-07T14:21:43.7985771Z [command]/usr/bin/git submodule foreach --recursive git config --local --show-origin --name-only --get-regexp remote.origin.url
2026-10-07T14:21:43.8305134Z Cleaning up orphan processes
